PORT_NAME,COUNTRY,LATITUDE,LONGITUDE,HARBORSIZE,HARBORTYPE,MAX_VESSEL
SHAKOTAN,RU,43.866667,146.833333,V,CN,
MOMBETSU KO,JP,44.350000,143.350000,V,CB,
CHARLOTTETOWN,CA,46.233333,-63.133333,S,CN,L
ABASHIRI KO,JP,44.016667,144.283333,S,CB,M
NEMURO KO,JP,43.333333,145.583333,S,CB,M
HANASAKI KO,JP,43.283333,145.583333,V,CB,L
KUSHIRO KO,JP,42.983333,144.366667,M,CB,L
TOMAKOMAI KO,JP,42.633333,141.633333,S,CB,L
MURORAN KO,JP,42.350000,140.966667,M,CN,L
MORI,JP,42.116667,140.583333,V,OR,M
GOPALPUR,IN,19.250000,84.916667,S,CB,
EL GHARDAQA,EG,27.216667,33.850000,V,CN,
RAS SHUKHIER,EG,28.133333,33.283333,M,OR,M
RAS GHARIB,EG,28.350000,33.100000,V,OR,M
AS SUWAYS,EG,29.966667,32.550000,L,CB,M
EL-ADABIYA,EG,29.866667,32.466667,S,CN,L
EL ISMAILIYA,EG,30.583333,32.283333,S,LC,L
RAS ABU ZANIMAH,EG,29.033333,33.116667,S,CN,L
WADI FEIRAN,EG,28.750000,33.200000,S,OR,M
ELAT,IL,29.550000,34.950000,S,CN,L
AL AQABAH,JO,29.516667,35.000000,V,OR,M
YANBU,SA,24.083333,38.050000,V,CB,M
JIDDAH,SA,21.483333,39.183333,S,CB,M
JIZAN,SA,16.900000,42.483333,S,CB,M
SIMONSTOWN,ZA,-34.183333,18.433333,V,CB,M
MOSSEL BAY,ZA,-34.183333,22.150000,S,CB,M
PORT ELIZABETH,ZA,-33.966667,25.616667,M,CB,M
BELFAST,GB,54.616667,-5.900000,L,RB,L
LARNE,GB,54.850000,-5.800000,S,CN,L
COLERAINE,GB,55.133333,-6.666667,S,RN,M
LONDONDERRY,GB,55.000000,-7.316667,M,RN,L
ORNSAY,GB,57.150000,-5.800000,V,CN,M
BUCKIE HARBOR,GB,57.683333,-2.966667,V,CB,M
LOSSIEMOUTH,GB,57.716667,-3.283333,V,CB,M
BURGHEAD,GB,57.700000,-3.500000,V,CN,M
INVERNESS,GB,57.483333,-4.233333,S,RN,M
CROMARTY,GB,57.683333,-4.033333,S,CB,M
INVERGORDON,GB,57.683333,-4.166667,S,OR,L
PORTMAHOMACK HARBOR,GB,57.833333,-3.833333,S,CB,
HELMSDALE HARBOR,GB,58.116667,-3.650000,S,CB,M
WICK,GB,58.433333,-3.083333,S,CB,M
PIEROWALL,GB,59.300000,-2.983333,S,CN,
KETTLETOFT,GB,59.233333,-2.600000,V,CN,
WHITEHALL,GB,59.133333,-2.600000,V,CN,
KIRKWALL,GB,58.983333,-2.966667,V,CB,M
STROMNESS,GB,58.966667,-3.300000,V,OR,M
SOUTH NESS,GB,58.800000,-3.200000,V,CN,
ST MARGARETS HOPE,GB,58.833333,-2.950000,V,CN,
LYNESS,GB,58.833333,-3.200000,M,CN,
SCAPA BAY,GB,58.950000,-2.983333,S,CN,L
CHICAGO,US,41.883333,-87.600000,M,CT,L
WILMETTE,US,42.083333,-87.683333,V,CB,M
GREAT LAKES,US,42.300000,-87.833333,V,CB,M
WAUKEGAN,US,42.366667,-87.816667,S,CB,M
KENOSHA,US,42.583333,-87.816667,V,CB,M
RACINE,US,42.733333,-87.783333,S,CB,M
MILWAUKEE,US,43.033333,-87.883333,M,RN,M
PORT WASHINGTON,US,43.383333,-87.866667,S,CB,M
SHEBOYGAN,US,43.750000,-87.700000,S,RN,M
MANITOWOC,US,44.100000,-87.650000,M,RN,L
PORT HOPE,US,43.950000,-82.700000,V,OR,L
BAY CITY,US,43.600000,-83.866667,S,RN,M
SARNIA,CA,42.983333,-82.416667,S,RN,L
POINT EDWARD,CA,43.000000,-82.416667,S,RN,L
GODERICH,CA,43.750000,-81.733333,S,CB,L
PORT ELGIN,CA,44.433333,-81.400000,V,CB,M
SOUTHAMPTON,CA,44.500000,-81.383333,V,CB,M
TOBERMORY,CA,45.266667,-81.666667,V,CN,M
LIONS HEAD,CA,44.983333,-81.250000,V,CB,M
WIARTON,CA,44.750000,-81.133333,V,CN,M
OWEN SOUND,CA,44.583333,-80.933333,S,RN,L
MEAFORD,CA,44.616667,-80.600000,V,CB,
THORNBURY,CA,44.566667,-80.450000,V,CB,M
COLLINGWOOD,CA,44.500000,-80.233333,S,CB,M
PENETANGUISHENE,CA,44.766667,-79.933333,V,CN,M
MIDLAND,CA,44.750000,-79.916667,S,CN,M
TIFFIN,CA,44.750000,-79.850000,V,CN,M
PORT MCNICOLL,CA,44.750000,-79.800000,V,CN,M
VICTORIA HARBOUR,CA,44.750000,-79.816667,V,CN,
WAUBAUSHENE,CA,44.766667,-79.716667,V,CN,M
PORT SEVERN,CA,44.800000,-79.716667,V,RN,
DEPOT HARBOUR,CA,45.316667,-80.100000,V,CN,M
PARRY SOUND,CA,45.333333,-80.033333,S,CN,L
BYNG INLET,CA,45.766667,-80.566667,V,CN,M
KEY HARBOUR,CA,45.883333,-80.750000,V,CN,M
KILLARNEY,CA,45.966667,-81.516667,V,CN,M
MAMONAL,CO,10.316667,-75.516667,S,OR,M
IMBITUBA,BR,-28.233333,-48.666667,V,CN,L
GUAIBA ISLAND TERMINAL,BR,-23.016667,-44.033333,S,CN,L
DTSE / GEGUA OIL TERMINAL,BR,-22.816667,-43.150000,M,OR,L
GEBIG,BR,-23.050000,-44.216667,S,OR,L
DE KASTRI,RU,51.466667,140.783333,M,CN,M
NIKOLAYEVSK NA AMUR,RU,53.133333,140.733333,V,RN,M
OKHA,RU,53.550000,143.000000,V,CN,M
PORONAYSK,RU,49.216667,143.133333,V,OR,M
KORSAKOV,RU,46.616667,142.766667,S,CB,M
NEVELSK,RU,46.666667,141.866667,V,CB,M
KHOLMSK,RU,47.050000,142.050000,S,CB,M
UGLEGORSK,RU,49.083333,142.033333,V,OR,M
LESOGORSK,RU,49.450000,142.133333,V,OR,
MASAN,KR,35.183333,128.566667,M,CN,L
PUSAN,KR,35.100000,129.033333,L,CB,L
ULSAN,KR,35.450000,129.400000,M,RN,L
WENZHOU,CN,28.016667,120.650000,M,RN,M
ZHEN HAI,CN,29.950000,121.700000,V,RN,M
ZHOUSHAN,CN,30.000000,122.100000,S,CN,L
JIANGYIN,CN,31.916667,120.233333,S,RN,M
GAOGANG,CN,32.283333,119.850000,S,RN,L
YANGZHOU,CN,32.266667,119.433333,S,RN,M
ZHENJIANG,CN,32.216667,119.433333,S,RN,M
NANJING,CN,32.083333,118.750000,V,RN,L
WU HU,CN,31.333333,118.366667,S,RN,
ANKINGCHENG,CN,30.516667,117.033333,V,RN,M
HANKOW,CN,30.583333,114.283333,M,RN,
WANXIAN,CN,30.816667,108.433333,V,RN,
CHUNG CHING,CN,29.566667,106.633333,V,RN,
LIANYUNGANG,CN,34.733333,119.450000,S,CB,M
QINGDAO GANG,CN,36.033333,120.266667,L,OR,M
DOUALA,CM,4.050000,9.683333,M,RN,L
KOLE OIL TERMINAL,CM,4.250000,8.550000,V,OR,M
BATA,GQ,1.866667,9.766667,V,OR,L
LIBREVILLE,GA,0.383333,9.450000,M,OR,
PORT OWENDO,GA,0.283333,9.500000,S,OR,L
PORT GENTIL,GA,-0.700000,8.800000,M,CN,L
CAP LOPEZ,GA,-0.633333,8.716667,V,OR,L
SAILOLOF,ID,-1.250000,130.750000,V,CN,
BAUBAU,ID,-5.466667,122.616667,V,CN,M
RAHA ROADSTEAD,ID,-4.850000,122.733333,V,OR,M
POMALAA,ID,-4.166667,121.600000,V,CN,M
UJUNG PANDANG,ID,-5.133333,119.400000,M,CB,M
DONGGALA,ID,-0.650000,119.733333,V,OR,
TAHUNA,ID,3.616667,125.483333,V,CN,M
TERNATE,ID,0.783333,127.383333,V,OR,M
LABUHA,ID,-0.633333,127.466667,V,OR,
BULA,ID,-3.100000,130.500000,V,OR,M
SALAWATI,ID,-1.350000,130.983333,S,RN,M
AMBON,ID,-3.683333,128.166667,S,CN,M
NAMLEA,ID,-3.283333,127.083333,V,CN,
SAUMLAKI,ID,-7.983333,131.300000,V,CN,
SERUI,ID,-1.900000,136.250000,V,CN,L
MANOKWARI ROAD,ID,-0.866667,134.083333,V,CN,M
MANGKASA OIL TERMINAL,ID,-2.733333,121.066667,S,OR,L
KENDARI,ID,-3.966667,122.583333,V,CN,M
KASIM TERMINAL,ID,-1.300000,131.016667,L,OR,M
BINTULU PORT,MY,3.266667,113.066667,S,CB,L
MIRI,MY,4.383333,113.966667,S,RN,M
LUTONG,MY,4.466667,114.000000,S,OR,L
MUARA HARBOR,BN,5.033333,115.066667,S,CN,M
BANDAR SERI BEGAWAN,BN,4.883333,114.883333,S,RN,
SERIA OIL LOADING TERMINAL,BN,4.616667,114.316667,V,OR,L
PORTOVECCHIO DI PIOMBINO,IT,42.933333,10.550000,V,CB,M
PORTO SANTO STEFANO,IT,42.433333,11.116667,V,CB,M
CIVITAVECCHIA,IT,42.100000,11.783333,M,CB,M
FIUMICINO,IT,41.766667,12.233333,V,LC,M
ANZIO,IT,41.450000,12.633333,V,CB,
GAETA,IT,41.200000,13.583333,S,CB,M
POZZUOLI,IT,40.816667,14.116667,V,CB,
BAGNOLI,IT,40.816667,14.166667,S,OR,L
NAPOLI,IT,40.850000,14.266667,L,CB,L
CARLOFORTE,IT,39.150000,8.316667,V,CB,
PORTO VESME,IT,39.200000,8.400000,V,CB,L
PUERTO BOLIVAR,CO,12.250000,-71.966667,S,CB,L
SCALLOWAY,GB,60.133333,-1.283333,V,CN,M
LERWICK,GB,60.150000,-1.150000,M,CN,L
SULLOM VOE,GB,60.466667,-1.300000,S,CN,L
TVOROYRI,FO,61.550000,-6.800000,V,CN,M
TORSHAVN,FO,62.000000,-6.750000,V,CB,L
KONGSHAVN,FO,62.116667,-6.733333,V,CB,
VESTMANNA,FO,62.150000,-7.166667,V,CN,
SORVAGUR,FO,62.083333,-7.250000,V,CN,M
FUGLAFJORDUR,FO,62.250000,-6.800000,V,CN,
KLAKSVIK,FO,62.233333,-6.583333,V,CN,M
SCRABSTER HARBOR,GB,58.616667,-3.550000,S,CB,L
ULLAPOOL,GB,57.900000,-5.150000,V,OR,M
AULTBEA,GB,57.833333,-5.583333,V,OR,
GAIRLOCH,GB,57.716667,-5.683333,V,RN,M
PLOCKTON,GB,57.333333,-5.650000,V,CN,M
KYLE OF LOCHALSH,GB,57.283333,-5.716667,V,OR,M
KYLEAKIN,GB,57.266667,-5.733333,V,CN,
BROADFORD BAY,GB,57.250000,-5.883333,V,CN,
PORTREE HARBOR,GB,57.416667,-6.200000,V,CN,M
PUERTO MIRANDA,VE,10.766667,-71.566667,S,LC,L
LA SALINA,VE,10.366667,-71.466667,S,LC,L
HIROSHIMA,JP,34.350000,132.466667,M,OR,L
PORTOCEL,BR,-19.850000,-40.050000,S,CB,L
SANTA CLARA,BR,-20.883333,-51.366667,V,CN,M
EL TABIAZO,VE,10.766667,-71.533333,V,OR,L
VENTERMINALS,VE,10.483333,-68.033333,V,OR,
JOSE IGNACIO,UY,-34.950000,-54.700000,V,OR,
COCKBURN HARBOR,TC,21.500000,-71.533333,V,OR,
RISAN,ME,42.516667,18.700000,V,CB,
KOTOR,ME,42.416667,18.766667,V,CN,M
TIVAT,ME,42.433333,18.700000,V,CB,
BAR,ME,42.083333,19.083333,S,CB,L
PORT ALUCROIX,VI,17.700000,-64.766667,V,OR,L
CIUDAD BOLIVAR,VE,8.133333,-63.550000,S,RN,
DJENO TERMINAL,CG,-4.933333,11.900000,V,OR,L
N'KOSSA TERMINAL,CG,-5.266667,11.566667,V,OR,
MATADI,CD,-5.816667,13.450000,S,RN,L
TIN CAN ISLAND,NG,6.350000,3.350000,V,RN,L
SAPELE,NG,5.900000,5.683333,V,RN,L
WARRI,NG,5.516667,5.733333,V,RN,L
YOHO TERMINAL,NG,4.016667,7.466667,V,OR,
SEA EAGLE TERMINAL,NG,4.800000,5.316667,V,OR,L
QUA IBOE OIL TERMINAL,NG,4.233333,8.033333,V,OR,L
PENNINGTON OIL TERMINAL,NG,4.250000,5.616667,L,OR,L
BONNY OFFSHORE TERMINAL,NG,4.183333,7.233333,V,OR,L
LOMONOSOV,RU,59.916667,29.766667,V,CN,M
KRONSHTADT,RU,59.983333,29.783333,S,CB,L
REKA LUGA,RU,59.666667,28.316667,V,RN,M
KUNDA,EE,59.533333,26.533333,V,OR,M
TALLINN,EE,59.450000,24.766667,L,CB,M
PALDISKI,EE,59.350000,24.033333,V,CB,M
OSMUSSAAR,EE,59.300000,23.366667,V,CN,M
PARNU,EE,58.383333,24.500000,S,RN,M
RIGA,LV,56.950000,24.100000,L,RN,L
VENTSPILS,LV,57.400000,21.533333,M,CB,M
OGUENDJO TERMINAL,GA,-1.466667,8.916667,S,OR,L
GAMBA OIL TERMINAL,GA,-2.833333,10.000000,V,OR,L
POINTE NOIRE,CG,-4.783333,11.833333,S,CB,L
MALONGO OIL TERMINAL,AO,-5.433333,12.083333,S,OR,L
CABINDA,AO,-5.533333,12.200000,S,OR,L
BANANA,CD,-5.983333,12.383333,V,RN,M
BOMA,CD,-5.850000,13.050000,S,RN,M
PALANCA TERMINAL,AO,-6.950000,12.400000,S,OR,L
PORTO DO AMBRIZ,AO,-7.833333,13.100000,V,CB,M
LUANDA,AO,-8.800000,13.250000,S,CN,L
LOBITO,AO,-12.333333,13.566667,S,CN,L
NAMIBE,AO,-15.200000,12.150000,S,OR,L
GEORGETOWN,SH,-7.933333,-14.416667,M,OR,L
BONNY,NG,4.450000,7.166667,M,RN,L
BANJUL,GM,13.450000,-16.566667,V,RN,M
RIO CACHEU,GW,12.283333,-16.233333,V,RN,
BISSAU,GW,11.866667,-15.633333,V,RN,L
VICTORIA,GN,10.816667,-14.566667,V,RN,
KAMSAR,GN,10.633333,-14.616667,V,RN,M
CONAKRY,GN,9.516667,-13.716667,M,CB,L
BENTI,GN,9.166667,-13.200000,V,RN,
WEIHAI,CN,37.500000,122.100000,M,CN,M
YANTAI,CN,37.550000,121.450000,S,CB,M
LONGKOU GANG,CN,37.633333,120.283333,S,CN,M
DAGU TANGGU,CN,38.966667,117.666667,V,RN,M
TIANJIN XIN GANG,CN,38.966667,117.833333,L,RN,L
HULUDAO GANG,CN,40.700000,120.983333,V,CB,
YINGKOU,CN,40.683333,122.233333,S,CB,L
LUSHUN,CN,38.783333,121.250000,V,CB,
DALIAN,CN,38.916667,121.666667,L,CB,L
PUERTO DE ALCUDIA,ES,39.833333,3.133333,V,CB,M
MAHON,ES,39.883333,4.266667,V,RB,M
ROSAS,ES,42.266667,3.183333,V,CN,
PORT-VENDRES,FR,42.516667,3.116667,S,CB,M
PORT-LA-NOUVELLE,FR,43.016667,3.066667,S,LC,M
SETE,FR,43.400000,3.700000,S,CB,M
PORT SAINT LOUIS DU RHONE,FR,43.383333,4.816667,S,LC,L
FOS,FR,43.416667,4.883333,V,CB,L
PORT-DE-BOUC,FR,43.400000,4.983333,S,CB,L
MARSEILLE,FR,43.316667,5.366667,S,CB,L
SAINT-TROPEZ,FR,43.266667,6.633333,V,CB,
SAINT-RAPHAEL,FR,43.416667,6.766667,V,CB,
CANNES,FR,43.550000,7.016667,S,CN,M
ANTIBES,FR,43.583333,7.133333,V,CB,M
NICE,FR,43.700000,7.283333,S,CB,M
VILLEFRANCHE,FR,43.700000,7.316667,V,CB,M
MONACO,MC,43.733333,7.416667,V,CB,M
BASTIA,FR,42.700000,9.450000,V,CB,M
BONIFACIO,FR,41.383333,9.166667,V,CN,
PORT DE PROPRIANO,FR,41.683333,8.900000,V,CB,M
PORT D' AJACCIO,FR,41.916667,8.750000,S,CB,L
CALVI,FR,42.566667,8.750000,V,CN,M
L'ILE ROUSSE,FR,42.633333,8.933333,V,CB,M
LA MADDALENA,IT,41.200000,9.416667,S,CN,L
OLBIA,IT,40.916667,9.500000,S,CN,M
ARBATAX,IT,39.933333,9.700000,V,CB,L
CAGLIARI,IT,39.216667,9.116667,S,CB,L
SARROCH OIL TERMINAL,IT,39.083333,9.033333,M,OR,L
VICTORIA,MY,5.283333,115.233333,S,CN,L
KOTA KINABALU,MY,5.983333,116.066667,M,CN,L
KUDAT,MY,6.883333,116.850000,V,OR,L
PELABUHAN SANDAKAN,MY,5.833333,118.116667,S,CN,M
LAHAD DATU,MY,5.016667,118.316667,V,CN,M
TANJUNG ARANG  (BUNYU),ID,3.466667,117.833333,V,CN,M
LINGKAS,ID,3.283333,117.600000,S,OR,M
TANJUNGREDEB,ID,2.150000,117.483333,S,RN,
BENOA,ID,0.983333,117.966667,V,RN,
BONTANG LNG TERMINAL,ID,0.100000,117.483333,V,CN,L
TANJUNG SANTAN,ID,-0.100000,117.533333,V,CN,M
POZOS COLORADOS,CO,11.150000,-74.250000,S,OR,L
BARRANQUILLA,CO,10.966667,-74.766667,M,RN,L
BAHIA DE LAS MINAS,PA,9.400000,-79.816667,S,RN,L
PUERTO CRISTOBAL,PA,9.350000,-79.916667,M,CB,L
PUERTO MOIN,CR,10.000000,-83.083333,V,CB,L
BLUEFIELDS,NI,12.016667,-83.750000,S,OR,L
TANGIER-MEDITERRANEAN,MA,35.900000,-5.516667,L,CB,
PUERTO ESTE,HN,16.083333,-86.900000,V,CN,M
NEUM,BA,42.916667,17.600000,S,,
BELIZE CITY,BZ,17.500000,-88.183333,S,OR,L
CAMPECHE,MX,19.850000,-90.550000,S,OR,M
FRONTERA,MX,18.533333,-92.650000,V,RN,M
NANCHITAL,MX,18.066667,-94.416667,V,RN,L
MAGDALLA,IN,21.150000,72.750000,V,RN,M
HAZIRA,IN,21.083333,72.633333,S,CB,L
BEPPU,JP,33.316667,131.516667,V,CB,L
KOKURA KO,JP,33.883333,130.883333,S,CB,L
SHIMONOSEKI,JP,33.933333,130.933333,S,CN,M
RATNAGIRI,IN,16.983333,73.283333,V,CN,L
TRIVANDRUM,IN,8.483333,76.950000,V,OR,M
SHIMMINATO,JP,36.766667,137.116667,V,RB,
GUAYAQUIL,EC,-2.200000,-79.883333,S,RN,L
MONTOIR,FR,47.300000,-2.133333,M,RN,
POINT SAN PABLO,US,37.966667,-122.433333,V,CN,
SAUSALITO,US,37.850000,-122.483333,V,CN,
PINOLE POINT,US,38.016667,-122.366667,V,CN,
OLEUM,US,38.050000,-122.266667,V,CN,
MARE ISLAND,US,38.100000,-122.266667,S,CN,
SOUTH VALLEJO,US,38.083333,-122.250000,S,CN,
CROCKETT,US,38.050000,-122.216667,V,CN,
PORT COSTA,US,38.050000,-122.183333,V,CN,
LIEPAJA,LV,56.516667,21.016667,M,CB,M
KLAIPEDA,LT,55.716667,21.116667,M,RN,M
BALTIYSK,RU,54.633333,19.900000,S,CB,L
KALININGRAD,RU,54.700000,20.483333,M,RB,M
GDANSK,PL,54.350000,18.666667,L,LC,L
PORT POLNOCHNY,PL,54.400000,18.716667,M,CB,M
NOWY PORT,PL,54.416667,18.666667,S,LC,M
GDYNIA,PL,54.533333,18.550000,L,CB,M
USTKA,PL,54.583333,16.850000,S,RN,M
DARLOWO,PL,54.433333,16.416667,V,RB,M
KOLOBRZEG,PL,54.216667,15.550000,V,RN,M
SWINOUJSCIE,PL,53.916667,14.266667,S,RN,M
SZCZECIN,PL,53.416667,14.550000,M,RN,M
WOLGAST,DE,54.050000,13.783333,V,RN,M
SASSNITZ,DE,54.516667,13.650000,V,OR,L
EKENAS,FI,59.983333,23.433333,S,CN,M
JUSSARO,FI,59.833333,23.566667,V,CN,
PORKKALA,FI,60.083333,24.383333,V,CN,M
KARLSBORG,SE,65.800000,23.283333,M,CN,L
SANDVIK,SE,65.733333,23.766667,V,CN,M
TORNIO,FI,65.766667,24.166667,S,RN,M
KEMI,FI,65.733333,24.566667,S,CN,M
OULU,FI,65.016667,25.400000,L,RN,M
RAAHE,FI,64.683333,24.416667,S,CB,M
HIMANKA,FI,64.000000,23.650000,S,CN,M
KOKKOLA,FI,63.850000,23.016667,L,CN,L
JAKOBSTAD,FI,63.683333,22.666667,M,CN,M
NYKARLEBY,FI,63.516667,22.533333,V,RB,M
KANTLAX,FI,63.416667,22.283333,V,OR,M
HELLNAS,FI,63.283333,22.233333,V,OR,M
VAASA,FI,63.100000,21.583333,M,CN,L
KASKINEN,FI,62.383333,21.233333,M,CN,M
KRISTINESTAD,FI,62.283333,21.400000,M,CN,M
MANTYLUOTO,FI,61.600000,21.483333,M,CB,M
TAHKOLUOTO,FI,61.633333,21.400000,V,OR,L
PUERTO NATALES,CL,-51.716667,-72.566667,V,OR,
PUERTO CHACABUCO,CL,-45.466667,-72.833333,V,RN,L
PUERTO CASTRO,CL,-42.483333,-73.766667,V,CN,M
PUERTO QUEMCHI,CL,-42.150000,-73.483333,V,CN,M
PUERTO MONTT,CL,-41.483333,-72.966667,S,CN,L
PUERTO DE CORRAL,CL,-39.866667,-73.433333,V,CN,L
BAHIA DE VALDIVIA,CL,-39.800000,-73.250000,S,RN,L
LOTA,CL,-37.100000,-73.150000,V,CN,M
NAMPO,KP,38.716667,125.400000,S,RN,L
KYOMIP'O,KP,38.733333,125.616667,V,RN,
HAEJU HANG,KP,38.000000,125.700000,S,CB,
INCHON,KR,37.466667,126.616667,L,RB,M
KUNSAN,KR,35.983333,126.616667,S,RN,L
MOKPO,KR,34.783333,126.383333,M,RN,M
CHEJU HANG,KR,33.516667,126.533333,S,CB,M
YOSU,KR,34.733333,127.750000,S,CB,L
SURIGAO CITY,PH,9.783333,125.500000,V,OR,
NASIPIT PORT,PH,8.983333,125.333333,V,RN,M
HINATUAN,PH,8.366667,126.333333,V,CN,
MANGAGOY,PH,8.233333,126.316667,S,CN,M
MATI,PH,6.950000,126.216667,V,OR,L
DAVAO,PH,7.066667,125.616667,S,CN,L
GENERAL SANTOS,PH,6.116667,125.183333,V,CN,M
POLLOC (COTABATO),PH,7.350000,124.216667,V,OR,
PAGADIAN,PH,7.833333,123.433333,V,CN,L
MARGOSATUBIG,PH,7.583333,123.166667,V,CN,
SANTA CLARA,PH,7.783333,122.683333,V,CN,
ZAMBOANGA,PH,6.900000,122.066667,S,OR,M
JIMENEZ,PH,8.333333,123.866667,V,CN,L
PORT OZAMIS,PH,8.133333,123.850000,V,OR,M
ILIGAN,PH,8.233333,124.233333,V,OR,M
CAGAYAN DE ORO,PH,8.500000,124.666667,M,CN,M
BUGO,PH,8.516667,124.750000,V,CN,M
VILLANUEVA,PH,8.583333,124.766667,V,OR,M
BUTUAN CITY,PH,8.950000,125.533333,V,RN,
BASILIAN CITY (ISABELA),PH,6.716667,121.966667,V,OR,M
PORT HOLLAND,PH,6.550000,121.866667,V,CN,
JOLO,PH,6.050000,121.000000,V,OR,M
SIASI,PH,5.550000,120.816667,V,CN,
FREETOWN,SL,8.500000,-13.233333,S,CN,M
PEPEL,SL,8.583333,-13.050000,V,RN,M
BONTHE,SL,7.533333,-12.500000,V,RN,M
PORTO GRANDE,CV,16.883333,-25.000000,V,CN,M
PORTO DA PRAIA,CV,14.916667,-23.516667,S,CB,
MONROVIA,LR,6.316667,-10.816667,S,CB,L
BUCHANAN,LR,5.866667,-10.066667,V,CB,L
GREENVILLE,LR,4.983333,-9.050000,V,CN,M
CAPE PALMAS,LR,4.366667,-7.716667,V,OR,M
SAN PEDRO,CI,4.733333,-6.616667,V,OR,L
SAMARINDA,ID,-0.516667,117.116667,V,RN,M
SENIPAH OIL TERMINAL,ID,-0.950000,117.166667,V,OR,M
BALIKPAPAN,ID,-1.250000,116.816667,S,CN,M
LAWI LAWI OIL TERMINAL,ID,-1.450000,116.766667,S,OR,L
GUNUNG BATU BESAR,ID,-2.616667,116.300000,V,RN,
KOTA BARU,ID,-3.233333,116.216667,V,CN,M
BANJARMASIN,ID,-3.333333,114.583333,V,RN,M
KUMAI,ID,-2.750000,111.716667,V,RN,L
PONTIANAK,ID,-0.016667,109.333333,V,RN,M
MANADO,ID,1.500000,124.833333,S,CN,
GORONTALO,ID,0.500000,123.050000,V,OR,M
POSO,ID,-1.366667,120.750000,V,OR,M
KOLONODALE,ID,-1.983333,121.333333,V,CN,L
KUCHING,MY,1.566667,110.350000,S,RN,M
SIBU,MY,2.283333,111.816667,V,RN,M
SARIKEI,MY,2.133333,111.533333,V,RN,
SUNGAIPAKNING,ID,1.350000,102.166667,S,CN,L
FLYING FISH COVE,CX,-10.416667,105.700000,M,CN,M
BANTEN,ID,-6.016667,105.966667,V,OR,M
ANYER LOR,ID,-6.050000,105.916667,V,OR,M
TANJUNG SEKONG,ID,-5.916667,106.000000,V,CN,M
JAKARTA,ID,-6.100000,106.883333,L,CB,M
CIREBON,ID,-6.716667,108.566667,V,CB,M
PALMA DE MALLORCA,ES,39.566667,2.633333,M,CB,L
PORTO PONTE ROMANO,IT,39.050000,8.466667,V,OR,
SANTA CRUZ DE LA PALMA,ES,28.683333,-17.750000,V,CB,L
SANTA CRUZ DE TENERIFE,ES,28.466667,-16.233333,M,CB,L
LAS PALMAS,ES,28.150000,-15.416667,L,CB,L
PUERTO DEL ROSARIO,ES,28.500000,-13.850000,V,CB,M
ARRECIFE,ES,28.950000,-13.533333,V,CB,M
HUELVA,ES,37.250000,-6.950000,M,RN,M
SEVILLA,ES,37.366667,-6.000000,M,LC,M
ROTA,ES,36.616667,-6.333333,V,CB,L
CADIZ,ES,36.533333,-6.300000,M,CB,M
BENICIA,US,38.050000,-122.150000,V,CN,
MARTINEZ,US,38.033333,-122.133333,V,CN,L
PITTSBURG,US,38.033333,-121.883333,V,RN,
ANTIOCH,US,38.016667,-121.800000,V,RN,
STOCKTON,US,37.950000,-121.300000,S,RN,L
RIO VISTA,US,38.150000,-121.700000,V,RN,
ISLETON,US,38.166667,-121.600000,V,RN,
WALNUT GROVE,US,38.233333,-121.516667,V,RN,
COURTLAND,US,38.333333,-121.566667,V,RN,
SACRAMENTO,US,38.583333,-121.500000,S,RN,L
BODEGA BAY,US,38.333333,-123.050000,V,CN,
FORT BRAGG,US,39.450000,-123.816667,V,CN,
FIELDS LANDING,US,40.716667,-124.216667,V,CN,
EUREKA,US,40.800000,-124.183333,S,CN,L
SAMOA,US,40.816667,-124.183333,V,CN,
CRESCENT CITY,US,41.750000,-124.200000,V,CB,
PORT ORFORD,US,42.733333,-124.500000,V,CN,
BANDON,US,43.116667,-124.416667,V,RN,
PROSPER,US,43.150000,-124.366667,V,RN,
EMPIRE,US,43.400000,-124.283333,M,CN,
NORTH BEND,US,43.400000,-124.216667,V,CN,
COOS BAY,US,43.366667,-124.216667,S,CN,L
WINCHESTER BAY,US,43.683333,-124.183333,V,RN,
GARDINER,US,43.716667,-124.100000,V,RN,
REEDSPORT,US,43.700000,-124.100000,V,RN,
FLORENCE,US,43.966667,-124.116667,V,RN,
GLENADA,US,43.966667,-124.116667,V,RN,
CUSHMAN,US,43.983333,-124.066667,V,RN,
WALDPORT,US,44.433333,-124.066667,V,CN,
NEWPORT,US,44.633333,-124.050000,V,RN,
TOLEDO,US,44.616667,-123.933333,V,RN,L
DEPOE BAY,US,44.800000,-124.066667,V,CN,
ILWACO,US,46.300000,-124.050000,V,RN,
PRINCETOWN,US,37.500000,-122.483333,V,CB,
PUERTO VALLARTA,MX,20.616667,-105.266667,S,RB,L
MAZATLAN,MX,23.200000,-106.416667,M,RN,L
TOPOLOBAMPO,MX,25.600000,-109.066667,S,CN,L
GUAYMAS,MX,27.916667,-110.916667,S,CB,L
SANTA ROSALIA,MX,27.333333,-112.283333,S,CB,
MONHEGAN,US,43.766667,-69.316667,V,CN,M
PORT CLYDE,US,43.916667,-69.250000,V,CN,M
THOMASTON,US,44.066667,-69.183333,V,RN,M
FRIENDSHIP,US,43.966667,-69.333333,V,CN,M
NEW HARBOR,US,43.866667,-69.483333,V,CN,
PEMAQUID BEACH,US,43.866667,-69.533333,V,CN,M
SOUTH BRISTOL,US,43.866667,-69.550000,V,CN,M
BOOTHBAY HARBOR,US,43.866667,-69.583333,V,CN,M
MAR DEL PLATA,AR,-38.033333,-57.533333,S,CB,L
ITAJAI,BR,-26.916667,-48.633333,M,RN,L
LAGUNA,BR,-28.500000,-48.783333,V,RN,
TRAMANDAI,BR,-29.983333,-50.133333,S,OR,L
RIO GRANDE,BR,-32.050000,-52.083333,L,RN,L
PELOTAS,BR,-31.783333,-52.333333,V,RN,
PORTO ALEGRE,BR,-30.033333,-51.233333,M,RN,L
LA PALOMA,UY,-34.650000,-54.150000,V,CN,
PUERTO SAUCE,UY,-34.433333,-57.450000,V,OR,
FRAY BENTOS,UY,-33.116667,-58.316667,V,RN,M
PAYSANDU,UY,-32.316667,-58.066667,S,RN,M
PARANA,AR,-31.716667,-60.533333,V,RN,
DIAMANTE,AR,-32.066667,-60.650000,V,RN,L
PUERTO SAN MARTIN,AR,-32.716667,-60.733333,V,RN,L
VILLA CONSTITUCION,AR,-33.233333,-60.333333,V,RN,L
SAN NICOLAS,AR,-33.333333,-60.233333,V,RN,L
RAMALLO,AR,-33.483333,-60.016667,V,RN,
ZARATE,AR,-34.083333,-59.033333,S,RN,L
CAMPANA,AR,-34.150000,-58.966667,S,RN,L
CONCORDIA,AR,-31.400000,-58.033333,V,RN,
MANITOWANING,CA,45.750000,-81.800000,V,CN,M
SHEGUIANDAH,CA,45.900000,-81.916667,V,CN,M
LITTLE CURRENT,CA,45.983333,-81.933333,S,CN,M
HONORA,CA,45.866667,-82.166667,V,CN,M
KAGAWONG,CA,45.916667,-82.250000,V,CN,
GORE BAY,CA,45.916667,-82.466667,V,CN,M
MELDRUM BAY,CA,45.933333,-83.116667,V,CN,M
BLIND RIVER,CA,46.183333,-82.950000,V,CN,M
COCKBURN,CA,45.950000,-83.316667,V,CN,M
THESSALON,CA,46.250000,-83.566667,V,CB,M
PORT BOUET,CI,5.233333,-3.966667,V,OR,L
ABIDJAN,CI,5.250000,-4.016667,L,LC,L
TAKORADI,GH,4.883333,-1.733333,M,CB,L
SEKONDI,GH,4.950000,-1.700000,V,CB,
SALTPOND,GH,5.200000,-1.050000,V,OR,
TEMA,GH,5.616667,0.016667,S,CB,M
LOME,TG,6.133333,1.283333,M,CB,L
KPEME,TG,6.200000,1.516667,V,OR,M
COTONOU,BJ,6.350000,2.433333,M,CB,L
LAGOS,NG,6.400000,3.400000,L,RN,L
ESCRAVOS OIL TERMINAL,NG,5.500000,5.000000,V,OR,L
KOKO,NG,6.000000,5.466667,V,RN,M
FORCADOS,NG,5.366667,5.433333,V,RN,L
BURUTU,NG,5.350000,5.500000,V,RN,M
BRASS OIL TERMINAL,NG,4.066667,6.283333,V,OR,L
RUFISQUE,SN,14.700000,-17.283333,V,OR,
KARABANE,SN,12.566667,-16.666667,V,RN,M
LA GOULETTE,TN,36.800000,10.300000,M,CB,M
TUNIS,TN,36.800000,10.250000,M,LC,M
TAZERKA OIL TERMINAL,TN,36.600000,11.683333,M,OR,M
BANZART,TN,37.283333,9.883333,S,CB,L
FUZHOU,CN,26.083333,119.300000,V,RN,M
ORMOC,PH,11.000000,124.600000,V,OR,
PALOMPON,PH,11.050000,124.383333,V,CN,
TAGBILARAN,PH,9.650000,123.850000,S,OR,
TUBIGAN,PH,9.950000,123.966667,V,OR,
CEBU,PH,10.300000,123.900000,L,CB,M
TOLEDO,PH,10.366667,123.633333,S,OR,L
SAN CARLOS,PH,10.483333,123.416667,V,CB,
BAIS,PH,9.600000,123.116667,V,OR,
DUMAGUETE,PH,9.316667,123.300000,V,OR,M
LAZI,PH,9.133333,123.633333,V,CN,M
PULUPANDAN,PH,10.516667,122.800000,V,OR,M
ALGECIRAS,ES,36.133333,-5.433333,S,CB,L
EUROPA POINT,GI,36.133333,-5.350000,M,CB,L
MALAGA,ES,36.716667,-4.416667,M,CB,L
MOTRIL,ES,36.750000,-3.516667,V,CB,M
ADRA,ES,36.733333,-3.033333,V,CB,
ALMERIA,ES,36.833333,-2.466667,S,CB,M
PUERTO DE CARBONERAS,ES,37.000000,-1.883333,S,CB,M
AGUILAS,ES,37.400000,-1.566667,V,CN,M
HORNILLO,ES,37.400000,-1.550000,V,CN,M
CARTAGENA,ES,37.583333,-0.983333,S,CB,L
TORREVIEJA,ES,37.966667,-0.683333,V,CB,M
ALICANTE,ES,38.333333,-0.483333,M,CB,M
PUERTO DE GANDIA,ES,39.000000,-0.150000,V,CB,M
VALENCIA,ES,39.450000,-0.316667,M,CB,M
SAGUNTO,ES,39.650000,-0.216667,V,CB,L
BURRIANA,ES,39.883333,-0.050000,V,RN,M
EL GRAO,ES,39.966667,0.016667,V,CB,M
TARRAGONA,ES,41.100000,1.233333,L,CB,M
BARCELONA,ES,41.350000,2.166667,L,CB,L
SAN FELIU DE GUIXOLS,ES,41.783333,3.033333,V,CB,M
PALAMOS,ES,41.833333,3.116667,S,CB,M
FUNCHAL,PT,32.633333,-16.916667,L,CB,L
PUERTO DE PASAJES,ES,43.333333,-1.933333,M,RN,M
BERMEO,ES,43.416667,-2.716667,V,CB,M
PUERTO DE BILBAO,ES,43.350000,-3.050000,M,CB,L
SANTANDER,ES,43.466667,-3.783333,M,RN,L
GIJON,ES,43.550000,-5.666667,S,CB,M
PORTO DE SUAPE,BR,-8.400000,-34.966667,S,CB,L
TEGAL,ID,-6.850000,109.133333,V,OR,M
PEKALONGAN,ID,-6.850000,109.700000,V,OR,M
SEMARANG,ID,-6.950000,110.416667,S,OR,M
REMBANG,ID,-6.700000,111.350000,V,OR,
TUBAN,ID,-6.733333,112.150000,V,OR,
SURABAYA,ID,-7.200000,112.733333,M,CB,M
PANARUKAN,ID,-7.700000,113.933333,V,CN,
ROBINHOOD,US,43.850000,-69.733333,V,RN,M
BATH,US,43.916667,-69.816667,S,RN,M
GARDINER,US,44.233333,-69.766667,V,RN,M
AUGUSTA,US,44.316667,-69.766667,V,RN,M
CUNDY HARBOR,US,43.783333,-69.900000,V,CN,M
SOUTH HARPSWELL,US,43.733333,-70.016667,V,CN,M
PORTLAND,US,43.666667,-70.250000,M,CN,L
SACO,US,43.500000,-70.450000,V,RN,M
KENNEBUNKPORT,US,43.366667,-70.466667,V,RN,M
PORTSMOUTH,US,43.083333,-70.750000,S,RN,L
COREA,US,44.400000,-67.966667,V,CN,M
GOLDSBORO,CA,45.183333,-61.650000,V,CN,M
STORMONT,CA,45.216667,-61.716667,V,CN,
SONORA,CA,45.066667,-61.916667,V,RN,M
MUSQUODOBOIT HARBOUR,CA,44.783333,-63.150000,V,CN,M
HALIFAX,CA,44.650000,-63.583333,L,CN,L
DIGBY,CA,44.616667,-65.766667,S,CN,M
WINDSOR,CA,45.000000,-64.150000,V,RN,M
ST JOHN,CA,45.266667,-66.050000,M,CB,L
PORT BAYSIDE NB,CA,45.150000,-67.133333,V,RN,
EASTPORT,US,44.900000,-66.983333,V,CN,L
LUBEC,US,44.866667,-66.983333,V,CN,M
MACHIASPORT,US,44.700000,-67.400000,V,CN,M
MACHIAS,US,44.716667,-67.466667,V,RN,M
JONESPORT,US,44.533333,-67.616667,V,CN,M
WYMAN,US,44.516667,-67.866667,V,CN,M
MILBRIDGE,US,44.533333,-67.883333,V,RN,M
PORT WING,US,46.783333,-91.383333,V,CB,M
KERTEMINDE,DK,55.450000,10.666667,V,CB,M
CEUTA,ES,35.900000,-5.316667,M,CB,M
INKOO,FI,60.016667,23.916667,V,RB,M
TOLKKINEN,FI,60.033333,25.583333,V,CB,M
RAHJA,FI,64.200000,23.733333,V,CB,M
PORT D AL HOCEIMA,MA,35.250000,-3.916667,V,CB,M
RABIGH,SA,22.733333,38.983333,V,CB,M
BRUCE MINES,CA,46.283333,-83.783333,V,CN,M
HILTON,CA,46.250000,-83.883333,V,CN,M
DESBARATS,CA,46.333333,-83.916667,V,RN,M
RICHARDS LANDING,CA,46.300000,-84.033333,V,CN,M
SAULT STE MARIE,CA,46.516667,-84.350000,S,RN,M
ALGONAC,US,42.616667,-82.516667,V,RN,M
MARINE CITY,US,42.716667,-82.500000,V,RN,L
ST CLAIR,US,42.816667,-82.483333,V,RN,M
PORT HURON,US,43.000000,-82.433333,V,RN,L
HARBOR BEACH,US,43.850000,-82.650000,V,CB,M
COURTRIGHT,CA,42.816667,-82.466667,V,RN,M
SODUS BAY,US,43.266667,-76.983333,V,CN,
ROCHESTER,US,43.266667,-77.600000,S,RN,M
YOUNGSTOWN,US,43.250000,-79.050000,V,RN,M
PORT COLBORNE,CA,42.883333,-79.250000,S,LC,L
PORT MAITLAND,CA,42.850000,-79.583333,S,RB,M
PORT DOVER,CA,42.783333,-80.200000,V,RN,M
PORT STANLEY,CA,42.666667,-81.200000,V,RN,M
RONDEAU,CA,42.266667,-81.900000,S,CN,M
PELEE I NORTH WHARF,CA,41.816667,-82.666667,V,CN,M
PELEE I WEST DOCK,CA,41.766667,-82.683333,V,OR,M
LEAMINGTON,CA,42.033333,-82.600000,V,OR,M
KINGSVILLE,CA,42.016667,-82.733333,V,CB,M
AMHERSTBURG,CA,42.100000,-83.100000,S,RN,M
WINDSOR,CA,42.316667,-83.033333,M,RN,M
TONAWANDA,US,43.033333,-78.883333,S,RN,M
BUFFALO,US,42.883333,-78.883333,L,CB,L
DUNKIRK,US,42.483333,-79.333333,V,CB,M
ERIE,US,42.150000,-80.100000,S,CN,L
CONNEAUT,US,41.966667,-80.550000,S,RN,M
ASHTABULA,US,41.900000,-80.800000,S,RB,M
FAIRPORT,US,41.766667,-81.300000,S,RN,M
CLEVELAND,US,41.500000,-81.716667,L,CB,L
LORAIN,US,41.466667,-82.183333,S,RN,L
VERMILION,US,41.433333,-82.366667,V,RN,M
HURON,US,41.400000,-82.550000,S,RN,L
SANDUSKY,US,41.450000,-82.716667,S,CN,M
BLINYU,ID,-1.633333,105.783333,V,CN,M
RAS LAFFAN,QA,25.916667,51.583333,M,CB,M
TANJUNGPANDAN,ID,-2.750000,107.633333,V,OR,M
PALEMBANG,ID,-2.983333,104.766667,M,RN,M
LUDERITZ BAY,NA,-26.650000,15.150000,S,CB,M
PORT CAPIZ,PH,11.600000,122.716667,V,CB,M
JORDAN,PH,10.666667,122.583333,V,OR,M
ILOILO,PH,10.700000,122.583333,V,OR,L
PUERTO PRINCESA,PH,9.733333,118.733333,S,CN,M
MAASIN,PH,10.133333,124.833333,V,OR,
BAYBAY,PH,10.683333,124.800000,V,OR,
SORSOGON,PH,12.966667,124.000000,V,CN,
SANTA CRUZ (MARINDUQUE ISL),PH,13.500000,122.066667,V,CB,
BATANGAS CITY,PH,13.750000,121.050000,M,OR,L
NASUGBU,PH,14.083333,120.616667,V,CN,M
MANILA,PH,14.583333,120.966667,L,CB,M
MARIVELES,PH,14.433333,120.483333,V,CN,M
MASINLOC,PH,15.550000,119.950000,V,CN,
SAN FERNANDO HARBOR,PH,16.616667,120.316667,M,OR,M
CALAPAN,PH,13.416667,121.183333,V,OR,
PORT ROMBLON,PH,12.583333,122.266667,V,CN,
MASBATE,PH,12.366667,123.616667,S,CN,M
LAOANG,PH,12.566667,125.016667,V,RN,
PORT BORONGAN,PH,11.600000,125.433333,V,OR,
GUIUAN,PH,11.033333,125.716667,V,CN,
CATBALOGAN,PH,11.766667,124.883333,V,OR,
TACLOBAN,PH,11.250000,125.000000,S,CN,M
FANG-CHENG,CN,21.750000,108.350000,M,RN,M
BEIHAI,CN,21.483333,109.066667,V,OR,M
HAIKOU,CN,20.050000,110.283333,V,CN,M
BASUO,CN,19.100000,108.616667,S,CB,M
ZHANJIANG,CN,21.200000,110.400000,S,RN,M
LON SHUI TERMINAL,CN,20.833333,115.683333,L,OR,M
MACAU,MO,22.183333,113.566667,M,CB,M
HUANGPUXINGANG,CN,23.050000,113.500000,S,RN,L
GUANGZHOU,CN,23.116667,113.233333,M,RN,M
ANNABA,DZ,36.916667,7.766667,M,CB,L
SKIKDA,DZ,36.883333,6.916667,S,CB,M
COLLO,DZ,37.000000,6.583333,V,CN,M
BEJAIA,DZ,36.750000,5.083333,S,CB,M
DELLYS,DZ,36.916667,3.916667,V,CB,M
ALGER,DZ,36.766667,3.066667,L,CB,L
TENES,DZ,36.533333,1.316667,V,OR,M
MOSTAGANEM,DZ,35.933333,0.083333,V,CB,M
ARZEW,DZ,35.850000,-0.300000,S,CB,M
ARZEW EL DJEDID,DZ,35.816667,-0.250000,S,CB,M
ORAN,DZ,35.700000,-0.633333,L,CB,M
MERS EL KEBIR,DZ,35.733333,-0.700000,S,CB,
CILACAP,ID,-7.733333,109.000000,L,CN,L
BENOA,ID,-8.750000,115.216667,V,CN,M
LABUHANHAJI,ID,-8.700000,116.566667,V,OR,
MAUMERE,ID,-8.616667,122.216667,V,OR,M
LARANTUKA,ID,-8.350000,122.983333,V,OR,
ENDE,ID,-8.833333,121.650000,V,CN,M
TAREMPAH,ID,3.216667,106.216667,V,CN,
BENGKALIS,ID,1.466667,102.100000,V,CN,
PULAU BUKOM,SG,1.233333,103.766667,M,OR,L
PULAU SEBAROK,SG,1.200000,103.800000,S,OR,L
TANJUNGUBAN,ID,1.066667,104.216667,V,CN,L
TANJUNGPINANG,ID,0.916667,104.450000,V,OR,M
KIJANG,ID,0.850000,104.600000,V,RN,L
PULAU SAMBU,ID,1.166667,103.900000,S,CN,L
DABO,ID,-0.500000,104.566667,V,OR,M
TOBOALI,ID,-3.016667,106.450000,V,OR,M
MUNTOK,ID,-2.066667,105.166667,V,CN,M
PANGKALPINANG,ID,-2.116667,106.133333,V,OR,M
CINTA OIL TERMINAL,ID,-5.500000,106.233333,V,OR,M
PANJANG,ID,-5.466667,105.316667,V,CN,M
TELUK BAYUR,ID,-1.000000,100.366667,V,OR,L
AVILES,ES,43.600000,-5.933333,S,LC,M
RIBADEO,ES,43.533333,-7.033333,V,RN,L
SAN CIPRIAN,ES,43.700000,-7.433333,V,CN,M
FERROL,ES,43.483333,-8.233333,M,RN,M
LA CORUNA,ES,43.366667,-8.400000,S,CN,L
VILLAGARCIA DE AROSA,ES,42.600000,-8.766667,V,CN,M
MARIN,ES,42.400000,-8.700000,S,CB,M
VIGO,ES,42.233333,-8.716667,M,CB,M
BROFJORDEN,SE,58.383333,11.416667,S,CN,M
STENUNGSUND,SE,58.066667,11.833333,V,OR,M
MUUGA-PORT OF TALLIN,EE,59.500000,24.950000,S,CB,M
FAGERSTRAND,NO,59.733333,10.600000,S,OR,M
GWADAR,PK,25.133333,62.300000,M,CN,M
NEW MANGALORE,IN,12.916667,74.816667,M,CB,L
PETCHBURI TERMINAL,TH,13.166667,100.150000,V,OR,M
RAYONG TPI TERMINAL,TH,12.633333,101.300000,V,OR,M
SIAM SEAPORT,TH,13.133333,100.883333,V,OR,L
LUMUT,MY,4.233333,100.633333,V,RN,L
TAWA,MY,4.250000,117.883333,V,CN,M
TELUK ANSON,MY,4.016667,101.016667,V,RN,M
KAMARAJAR PORT,IN,13.266667,80.316667,S,CB,M
LUMUT,BN,4.716667,114.450000,V,OR,M
SIKKA,IN,22.433333,69.833333,V,OR,L
MUNDRA,IN,22.733333,69.700000,S,OR,L
DAHEJ,IN,21.700000,72.533333,V,OR,L
JABUNG BATANGHARI MARINE TERMINAL,ID,-0.916667,104.066667,V,OR,M
KUALA KAPUS,ID,3.000000,114.366667,V,OR,M
LALANG MARINE TERMINAL,ID,1.183333,102.216667,V,OR,
PAREPARE,ID,-4.000000,119.616667,V,OR,M
BELANAK FIELD TERMINAL,ID,4.150000,106.250000,V,OR,
BELIDA MARINE TERMINAL,ID,4.133333,105.133333,V,OR,L
TANJUNG BENETE,ID,-8.900000,116.750000,V,CN,
CELUKAN BAWANG,ID,-8.183333,114.833333,S,CN,M
ZAFARANA TERMINAL,EG,29.166667,32.683333,V,OR,M
ZEIT BAY LPG TERMINAL,EG,27.800000,33.566667,V,OR,M
WHITSTABLE,GB,51.366667,1.033333,S,RN,
SHEERNESS,GB,51.450000,0.750000,V,CN,M
THAMESPORT,GB,51.433333,0.700000,S,RN,L
CHATHAM DOCKS,GB,51.400000,0.550000,S,RB,M
GRAVESEND,GB,51.450000,0.366667,S,RN,M
LONDON,GB,51.500000,-0.083333,L,RB,L
COLCHESTER,GB,51.883333,0.916667,V,RN,M
HARWICH,GB,51.950000,1.283333,S,RN,L
SAINT-DENIS,RE,-20.866667,55.450000,V,OR,L
PORT OUEST,RE,-20.933333,55.283333,S,CB,L
PORT LOUIS,MU,-20.150000,57.500000,S,CB,M
PORT MATHURIN,MU,-19.683333,63.416667,V,CN,
GASPE,CA,48.833333,-64.483333,S,CN,L
RIMOUSKI,CA,48.450000,-68.516667,S,RN,M
CHICOUTIMI (PORT SAGUENAY),CA,48.433333,-71.066667,S,RN,M
SOREL,CA,46.050000,-73.116667,S,RN,L
JASK,IR,25.633333,57.766667,V,CN,
DORALEH,DJ,11.600000,43.083333,S,CN,L
BOOSAASO,SO,11.283333,49.183333,S,CB,M
AL KHAIR OIL TERMINAL,SD,19.583333,37.250000,S,CN,
BESHAYER OIL TERMINAL,SD,19.400000,37.316667,M,OR,
SAWAKIN HARBOR,SD,19.133333,37.350000,S,CN,
UMM AL QAYWAYN,AE,25.583333,55.583333,S,CN,M
SHARJAH OFFSHORE TERMINAL,AE,25.583333,55.400000,S,OR,L
ASH SHARIQAH,AE,25.416667,55.366667,S,CB,L
AJMAN,AE,25.416667,55.433333,V,OR,M
AL JAZEERA PORT,AE,25.716667,55.783333,S,CN,
ZIRKUH PETROLEUM PORT,AE,25.016667,53.000000,M,OR,
BENGKULU,ID,-3.783333,102.250000,V,OR,M
CANAPORT (ST. JOHN),CA,45.200000,-65.983333,L,OR,L
LIVERPOOL (BROOKLYN),CA,44.033333,-64.650000,S,CN,M
JIJEL,DZ,36.833333,5.783333,V,CB,M
NORRSUNDET,SE,60.933333,17.166667,V,CN,M
SONGKHLA HARBOR,TH,7.216667,100.583333,V,RN,L
DAI HANG,VN,8.483333,108.683333,V,OR,M
VALLVIK,SE,61.183333,17.166667,S,CN,
MUI VUNG TAU,VN,10.316667,107.066667,V,CN,M
SODERHAMN,SE,61.300000,17.083333,S,RN,L
PHU MY,VN,10.583333,107.033333,V,RN,M
BENI SAF,DZ,35.300000,-1.383333,V,CB,L
GHAZAOUET,DZ,35.100000,-1.866667,V,CB,L
TANGER,MA,35.783333,-5.816667,M,CB,M
PORT NADOR,MA,35.283333,-2.933333,V,CB,M
KENITRA,MA,34.300000,-6.600000,S,RN,M
MOHAMMEDIA,MA,33.716667,-7.400000,V,CB,L
CASABLANCA,MA,33.600000,-7.616667,L,CB,L
SAFI,MA,32.300000,-9.250000,S,CB,M
ESSAOUIRA,MA,31.500000,-9.783333,V,CN,
AD DAKHLA,EH,23.700000,-15.916667,V,RN,M
NOUADHIBOU,MR,20.916667,-17.050000,M,CN,M
ST LOUIS,SN,16.016667,-16.516667,S,RN,M
DAKAR,SN,14.683333,-17.433333,M,CB,M
MERSA SFAX,TN,34.733333,10.766667,S,CB,M
MAHDIA,TN,35.500000,11.066667,V,CN,
SOUSSE,TN,35.833333,10.650000,S,CB,M
MERSIN,TR,36.800000,34.633333,M,CB,M
BOTAS,TR,36.883333,35.933333,V,OR,L
ISKENDERUN,TR,36.600000,36.166667,V,CB,M
KYRENIA,CY,35.350000,33.333333,V,CB,M
XEROS,CY,35.133333,32.833333,V,OR,L
LIMASSOL,CY,34.666667,33.050000,S,CB,M
LARNACA,CY,34.916667,33.650000,S,CB,M
DHEKELIA,CY,34.966667,33.716667,V,OR,M
FAMAGUSTA,CY,35.116667,33.933333,S,CB,M
TARTUS,SY,34.900000,35.866667,S,CB,M
BANIYAS,SY,35.183333,35.950000,L,CB,M
AL LADHIQIYAH,SY,35.533333,35.766667,M,CB,M
HONG KONG,HK,22.266667,114.200000,L,CN,M
SHAN T OU,CN,23.366667,116.683333,S,RN,M
XIAMEN,CN,24.450000,118.066667,M,RN,M
CHI-LUNG,TW,25.133333,121.766667,L,CB,M
SU-AO,TW,24.600000,121.866667,M,CB,M
HUA-LIEN KANG,TW,23.983333,121.600000,M,CB,M
KAO-HSIUNG,TW,22.616667,120.250000,M,CB,L
TAN-SHUI,TW,25.183333,121.400000,V,RN,M
PENG-HU KANG,TW,23.583333,119.533333,S,CN,M
TAI-CHUNG KANG,TW,24.300000,120.500000,S,LC,M
BASCO,PH,20.450000,121.966667,V,CN,M
VIANA DO CASTELO,PT,41.700000,-8.833333,S,CT,L
PORTO DE LEIXOES,PT,41.183333,-8.700000,V,CB,L
OPORTO,PT,41.150000,-8.666667,V,RN,M
AVEIRO,PT,40.650000,-8.650000,M,RN,M
FIGUEIRA DA FOZ,PT,40.150000,-8.850000,V,RN,M
LISBOA,PT,38.700000,-9.166667,L,RN,L
SETUBAL,PT,38.516667,-8.900000,S,RN,L
SINES,PT,37.950000,-8.866667,M,CB,M
FARO,PT,37.033333,-7.933333,V,RN,M
VILA REAL DE S ANTONIO,PT,37.183333,-7.400000,V,RN,
BORDEAUX,FR,44.866667,-0.566667,L,RT,L
SAINT HELIER HARBOUR,JE,49.183333,-2.116667,S,CB,M
PAIMPOL,FR,48.783333,-3.050000,V,RT,M
RADE DE BREST,FR,48.383333,-4.500000,L,CB,M
CONCARNEAU,FR,47.866667,-3.916667,V,CB,M
LORIENT,FR,47.750000,-3.350000,M,RN,M
ST NAZAIRE,FR,47.283333,-2.200000,M,RT,L
DONGES,FR,47.300000,-2.066667,S,RN,L
NANTES,FR,47.200000,-1.566667,M,RN,L
LES SABLES D' OLONNE,FR,46.500000,-1.800000,M,RB,
LA PALLICE,FR,46.166667,-1.216667,M,CT,L
LA ROCHELLE,FR,46.150000,-1.150000,M,CT,L
ROCHEFORT,FR,45.933333,-0.950000,M,RT,M
TONNAY CHARENTE,FR,45.933333,-0.900000,S,RN,M
LE VERDON,FR,45.550000,-1.050000,S,RN,L
PAUILLAC,FR,45.200000,-0.750000,S,RN,L
BLAYE,FR,45.133333,-0.666667,S,RN,L
CONVENT,US,30.016667,-90.833333,S,RN,M
DEER PARK,US,29.750000,-95.333333,V,RN,L
AIN SUKHNA TERMINAL,EG,29.583333,32.366667,L,OR,L
KING FAHD PORT,SA,23.950000,38.216667,V,CB,M
RAS ISA MARINE TERMINAL,YE,15.133333,42.600000,L,,M
SHEKOU,CN,22.466667,113.866667,M,CN,M
ARDJUNA OIL FIELD,ID,-5.883333,107.716667,V,OR,M
BAYUQUAN,CN,40.300000,122.083333,V,OR,M
IPSWICH,GB,52.050000,1.166667,S,RT,M
LOWESTOFT,GB,52.483333,1.750000,S,CB,M
GREAT YARMOUTH,GB,52.616667,1.733333,S,RN,M
KING'S LYNN,GB,52.750000,0.400000,S,RT,M
BOSTON,GB,52.966667,-0.016667,S,RT,
GRIMSBY,GB,53.583333,-0.066667,M,RT,M
IMMINGHAM,GB,53.633333,-0.200000,M,RT,L
KINGSTON UPON HULL,GB,53.750000,-0.283333,M,RT,L
GOOLE,GB,53.700000,-0.833333,S,RT,M
BRIDLINGTON,GB,54.083333,-0.183333,V,CB,M
SCARBOROUGH,GB,54.283333,-0.400000,V,CB,M
WHITBY,GB,54.483333,-0.616667,S,CB,M
ROTTERDAM,NL,51.900000,4.483333,L,RB,L
RINGKOBING,DK,56.083333,8.250000,V,CB,
ESBJERG,DK,55.466667,8.450000,S,CN,M
HUSUM,DE,54.483333,9.050000,V,RN,M
BRUNSBUTTEL ELBAHAFEN,DE,53.883333,9.166667,V,RN,L
BRUNSBUTTEL CANAL TERMINALS,DE,53.900000,9.150000,S,LC,M
RENDSBURG,DE,54.300000,9.683333,S,LC,M
GLUCKSTADT,DE,53.783333,9.416667,S,CT,M
HAMBURG,DE,53.550000,9.933333,L,LC,M
CUXHAVEN,DE,53.866667,8.716667,M,RB,M
BREMERHAVEN,DE,53.533333,8.583333,L,RT,M
NORDENHAM,DE,53.483333,8.483333,S,RN,M
BRAKE,DE,53.333333,8.483333,M,RT,M
ELSFLETH,DE,53.233333,8.466667,V,RT,
OLDENBURG,DE,53.116667,8.216667,V,RN,M
BREMEN,DE,53.133333,8.766667,L,RT,M
WILHELMSHAVEN,DE,53.533333,8.166667,S,CT,M
EMDEN,DE,53.333333,7.183333,M,RT,M
LEER,DE,53.233333,7.450000,V,RT,M
PAPENBURG,DE,53.100000,7.383333,S,LC,M
DELFZIJL,NL,53.333333,6.933333,S,CT,M
HARLINGEN,NL,53.183333,5.416667,V,CT,M
DEN HELDER,NL,52.966667,4.783333,S,RB,M
ISLA SAN MARCOS,MX,27.183333,-112.100000,V,OR,M
SAN JUAN DE LA COSTA,MX,24.400000,-110.700000,V,OR,L
LA PAZ,MX,24.166667,-110.316667,S,CN,M
ENSENADA,MX,31.866667,-116.633333,M,CB,L
ROSARITO,MX,32.366667,-117.100000,V,OR,L
SAN DIEGO,US,32.716667,-117.183333,M,CN,L
WILSON COVE,US,33.000000,-118.550000,V,CN,
ISTHMUS COVE,US,33.450000,-118.500000,V,CN,
PORT AUX BASQUES,CA,47.566667,-59.133333,S,CN,M
STEPHENVILLE,CA,48.533333,-58.533333,V,CB,L
ST GEORGE'S,CA,48.450000,-58.450000,S,CN,L
CORNER BROOK,CA,48.950000,-57.950000,S,CN,L
BLANC SABLON,CA,51.416667,-57.133333,V,RN,M
HAVRE ST PIERRE,CA,50.233333,-63.600000,V,CN,M
POINTE NOIRE,CA,50.166667,-66.483333,S,RN,L
PORT CARTIER,CA,50.033333,-66.783333,V,RN,L
MATANE,CA,48.850000,-67.533333,V,RN,M
BAIE COMEAU,CA,49.233333,-68.133333,S,RN,L
LA BAIE (PORT ALFRED),CA,48.333333,-70.883333,S,RN,L
RIVIERE DU LOUP,CA,47.833333,-69.516667,S,RN,M
QUEBEC,CA,46.816667,-71.216667,M,RN,L
TROIS RIVIERES,CA,46.350000,-72.550000,M,RN,L
MONTREAL,CA,45.516667,-73.550000,L,RN,L
VAUDREUIL,CA,45.400000,-74.033333,V,RN,
OKA SUR LE LAC,CA,45.466667,-74.083333,V,RN,
HUDSON,CA,45.466667,-74.133333,V,RN,
ST PLACIDE,CA,45.533333,-74.200000,V,RN,
ST ANDREWS EAST,CA,45.566667,-74.333333,V,RN,
CARILLON,CA,45.566667,-74.366667,V,RN,
CHUTE A BLONDEAU,CA,45.583333,-74.466667,V,RN,
GRENVILLE,CA,45.633333,-74.600000,V,RN,
HAWKESBURY,CA,45.616667,-74.616667,V,RN,
FASSETT,CA,45.650000,-74.866667,V,RN,
MONTEBELLO,CA,45.650000,-74.933333,V,RN,
PAPINEAUVILLE,CA,45.616667,-75.016667,V,RN,
THURSO,CA,45.600000,-75.233333,V,RN,
SYDNEY,CA,46.150000,-60.200000,M,CN,L
LOUISBURG,CA,45.916667,-59.966667,V,CN,M
CLAVERIA,PH,18.616667,121.083333,V,CN,
PORT SAN VICENTE,PH,18.516667,122.133333,V,CN,M
APARRI,PH,18.366667,121.633333,V,OR,M
HONDAGUA,PH,13.950000,122.233333,V,OR,L
JOSE PANGANIBAN,PH,14.283333,122.683333,V,OR,M
VIRAC,PH,13.583333,124.250000,V,CN,M
TABACO,PH,13.366667,123.733333,V,OR,L
LEGAZPI PORT,PH,13.150000,123.750000,V,OR,M
CAM PHA,VN,21.033333,107.366667,V,OR,M
TULAGHI,SB,-9.100000,160.150000,V,CN,M
HONIARA,SB,-9.416667,159.950000,V,OR,L
LUGANVILLE,VU,-15.516667,167.166667,S,CN,L
PORT VILA,VU,-17.733333,168.316667,V,CB,M
FORARI BAY,VU,-17.683333,168.550000,V,OR,M
BAIE DE KOUAOUA,NC,-21.383333,165.816667,V,OR,M
KUANTAN NEW PORT,MY,3.966667,103.433333,S,CB,M
KIRTEH OIL TERMINAL,MY,4.566667,103.466667,S,OR,L
KUALA TRENGGANU,MY,5.350000,103.133333,V,RB,
TAPIS MARINE TERMINAL A,MY,5.516667,105.016667,L,OR,L
BANGKOK,TH,13.750000,100.500000,L,RN,M
SI RACHA TERMINAL,TH,13.116667,100.883333,V,OR,M
KO SI CHANG TERMINAL,TH,13.166667,100.816667,V,OR,M
KAMPONG SAOM,KH,10.633333,103.500000,M,CB,M
PHSAR REAM,KH,10.500000,103.600000,V,CN,M
DUONG DONG,VN,10.216667,103.966667,V,RN,L
THANH HO CHI MINH,VN,10.766667,106.716667,M,RN,L
TARABULUS,LB,34.450000,35.833333,M,CB,M
SAYDA,LB,33.500000,35.350000,V,OR,L
ASHDOD,IL,31.816667,34.650000,S,CB,M
MERSA TOBRUQ,LY,32.083333,23.983333,S,CB,M
DARNAH,LY,32.766667,22.650000,V,CB,M
BANGHAZI,LY,32.116667,20.050000,M,CB,L
EZ ZUEITINA,LY,30.850000,20.050000,V,OR,L
AL BURAYQAH,LY,30.416667,19.600000,S,CB,M
RAS   LANUF,LY,30.516667,18.566667,V,OR,M
AS SIDR,LY,30.633333,18.366667,V,OR,L
MISRATAH,LY,32.366667,15.216667,V,OR,L
PIPAVAV BANDAR,IN,20.916667,71.516667,S,CN,L
SUBIC BAY,PH,14.800000,120.266667,M,CN,L
YANTIAN,CN,22.583333,114.266667,S,CN,M
ST. JAMES,US,29.983333,-90.933333,S,RN,M
PETROPAVLOVSK,RU,53.050000,158.650000,V,CN,M
NIKOL SKOYE,RU,55.200000,165.983333,V,CN,
PROVIDENIYA,RU,64.416667,-173.233333,V,CN,
TIKSI,RU,71.633333,128.866667,S,CN,
PEVEK,RU,69.716667,170.300000,V,CN,L
PORT DIKSON,RU,73.500000,80.516667,V,CN,M
DUDINKA,RU,69.400000,86.166667,M,RN,M
IGARKA,RU,67.483333,86.600000,S,RN,M
MEZEN,RU,65.833333,44.183333,S,CN,M
ARKHANGELS'K,RU,64.533333,40.533333,M,RN,L
SIBOLGA,ID,1.733333,98.766667,V,CN,M
ULEELHEUE,ID,5.566667,95.283333,V,OR,M
SABANG,ID,5.883333,95.316667,V,CB,L
LHOKSEUMAWE,ID,5.250000,97.116667,V,OR,L
PANGKALANSUSU,ID,4.116667,98.216667,V,CN,L
MUAR,MY,2.050000,102.566667,V,RN,M
DUMAI,ID,1.683333,101.450000,M,RN,L
TRINCOMALEE HARBOR,LK,8.550000,81.216667,M,CN,L
KANKESANTURAI,LK,9.816667,80.050000,V,OR,M
TUTICORIN,IN,8.800000,78.166667,S,CB,M
NAGAPPATTINAM,IN,10.766667,79.850000,S,OR,L
CUDDALORE,IN,11.716667,79.766667,V,OR,L
PONDICHERRY,IN,11.933333,79.833333,V,OR,L
CHENNAI (MADRAS),IN,13.100000,80.300000,L,CB,M
MACHILIPATNAM,IN,16.150000,81.166667,V,OR,M
KAKINADA BAY,IN,17.000000,82.316667,V,CB,L
VISHAKHAPATNAM,IN,17.683333,83.300000,M,CB,M
PARADIP,IN,20.266667,86.683333,S,CB,M
AVALON,US,33.350000,-118.316667,V,CN,
NEWPORT BEACH,US,33.616667,-117.900000,V,CN,
LONG BEACH,US,33.766667,-118.183333,M,CB,L
LOS ANGELES,US,33.750000,-118.250000,L,CB,L
EL SEGUNDO,US,33.916667,-118.433333,V,OR,L
PORT HUENEME,US,34.150000,-119.200000,V,CB,L
PRISONERS,US,34.016667,-119.683333,V,OR,
VENTURA,US,34.283333,-119.283333,V,OR,L
CARPINTERIA,US,34.383333,-119.516667,V,CN,L
SANTA BARBARA,US,34.416667,-119.683333,V,CB,
ELLWOOD,US,34.433333,-119.916667,V,OR,
GAVIOTA,US,34.466667,-120.200000,V,OR,
PISMO BEACH,US,35.133333,-120.650000,V,OR,
PORT SAN LUIS,US,35.166667,-120.750000,V,CN,L
MORRO BAY,US,35.366667,-120.850000,V,CB,
MONTEREY,US,36.616667,-121.883333,S,CN,
MOSS LANDING,US,36.800000,-121.783333,V,CN,
SANTA CRUZ,US,36.966667,-122.016667,V,CN,
DAVENPORT,US,37.016667,-122.200000,V,OR,
ACAPULCO,MX,16.850000,-99.933333,M,CN,L
LAZARO CARDENAS,MX,17.933333,-102.166667,S,RB,L
MANZANILLO,MX,19.050000,-104.316667,M,CB,L
CALETA LOBITOS,PE,-4.450000,-81.283333,V,OR,
PUERTO CABO BLANCO,PE,-4.250000,-81.233333,V,OR,L
PUERTO BOLIVAR,EC,-3.266667,-80.000000,V,RN,
PUERTO MARITIMO DE GUAYAQUIL,EC,-2.283333,-79.900000,S,RN,L
LA LIBERTAD,EC,-2.216667,-80.916667,V,OR,L
MANTA,EC,-0.950000,-80.716667,V,CB,L
ESMERALDAS,EC,1.000000,-79.650000,V,RN,L
TUMACO,CO,1.816667,-78.750000,V,OR,L
BUENAVENTURA,CO,3.883333,-77.066667,S,CN,L
BALBOA,PA,8.950000,-79.566667,M,LC,L
PEDREGAL,PA,8.350000,-82.433333,S,RN,M
PUERTO ARMUELLES,PA,8.266667,-82.850000,S,OR,M
SUPERIOR,US,46.733333,-92.066667,M,CB,L
DULUTH,US,46.766667,-92.100000,M,CB,L
TWO HARBORS,US,47.016667,-91.650000,S,CB,L
GRAND MARAIS,US,47.750000,-90.333333,V,CN,M
WASHINGTON HARBOR,US,47.916667,-89.150000,V,CN,M
DOUGLASTOWN,CA,48.766667,-64.383333,V,OR,M
CARAQUET,CA,47.800000,-64.933333,S,CN,M
BELEM,BR,-1.450000,-48.500000,M,RN,L
CAMETA,BR,-2.250000,-49.500000,V,TH,
SANTAREM,BR,-2.416667,-54.716667,V,TH,L
ITACOATIARA,BR,-3.150000,-58.450000,V,RN,
MANAUS,BR,-3.133333,-60.016667,S,RN,L
TUTOIA,BR,-2.783333,-42.283333,V,RN,
CAMOCIM,BR,-2.900000,-40.833333,V,RN,M
CABEDELO,BR,-6.966667,-34.833333,S,RN,L
RECIFE,BR,-8.050000,-34.866667,M,CB,L
PORTO DE MACEIO,BR,-9.666667,-35.733333,S,CB,L
ARATU,BR,-12.783333,-38.500000,S,OR,L
MADRE DE DEUS,BR,-12.750000,-38.616667,V,OR,L
PORT OF ILHEUS,BR,-14.783333,-39.016667,S,CB,L
MACAE,BR,-22.366667,-41.766667,V,RN,
PORTO DO FORNO,BR,-22.966667,-42.016667,V,CN,L
ANGRA DOS REIS,BR,-23.016667,-44.316667,S,CN,M
SAO SEBASTIAO,BR,-23.800000,-45.400000,S,OR,L
SANTOS,BR,-23.950000,-46.300000,L,CN,L
MOENGO,SR,5.633333,-54.416667,V,RN,L
MARACAIBO,VE,10.633333,-71.600000,M,OR,L
PORT CLINTON,US,41.516667,-82.933333,V,RN,M
PUT IN BAY,US,41.650000,-82.816667,V,CN,M
TOLEDO,US,41.700000,-83.466667,M,RN,L
MONROE,US,41.883333,-83.333333,V,RN,L
TRENTON,US,42.133333,-83.166667,V,RN,M
WYANDOTTE,US,42.200000,-83.150000,S,RN,M
ROUGE RIVER,US,42.283333,-83.116667,S,RN,M
DETROIT,US,42.333333,-83.033333,L,RN,L
MINA TARABULUS (TRIPOLI),LY,32.900000,13.183333,M,CB,M
AZ ZAWIYA,LY,32.800000,12.716667,S,OR,L
MARSA SABRATAH,LY,32.816667,12.500000,V,OR,M
HOUMT SOUK,TN,33.883333,10.850000,V,OR,
GABES,TN,33.900000,10.116667,S,CB,M
SKHIRA,TN,34.283333,10.100000,V,OR,L
ANTALYA,TR,36.833333,30.616667,S,CB,L
ALANYA,TR,36.533333,32.000000,V,OR,M
TASUCU,TR,36.316667,33.883333,V,CB,M
POTI,GE,42.150000,41.583333,S,CB,M
BATUMI,GE,41.650000,41.650000,S,CB,M
HOPA,TR,41.416667,41.400000,V,CB,M
RIZE,TR,41.066667,40.516667,V,CB,M
TRABZON,TR,41.016667,39.766667,V,CB,L
GIRESUN,TR,40.933333,38.400000,V,CB,M
ORDU,TR,41.000000,37.883333,V,OR,M
SAMSUN,TR,41.300000,36.350000,L,CB,L
SINOP,TR,42.050000,35.166667,V,OR,M
INEBOLU,TR,41.983333,33.766667,V,CB,M
ZONGULDAK,TR,41.466667,31.816667,V,CB,M
EREGLI,TR,41.300000,31.450000,V,CB,M
HAYDARPASA,TR,41.000000,29.016667,M,CB,M
KABA BURNU,TR,40.766667,29.533333,V,CN,L
DERINCE BURNU,TR,40.750000,29.816667,S,CB,L
IZMIT,TR,40.766667,29.916667,S,CN,M
GOLCUK BURNU,TR,40.733333,29.816667,V,CB,M
MUDANYA,TR,40.383333,28.883333,V,OR,M
BANDIRMA,TR,40.350000,27.966667,V,CB,M
ERDEK,TR,40.383333,27.800000,V,CN,M
KARABIGA,TR,40.400000,27.316667,V,CN,M
CANAKKALE,TR,40.150000,26.400000,S,LC,L
AYVALIK,TR,39.316667,26.700000,V,CN,M
IZMIR,TR,38.433333,27.133333,L,CN,M
VINH CAM RANH,VN,11.883333,109.166667,S,CN,L
NHA TRANG,VN,12.250000,109.233333,S,OR,M
QUI NHON,VN,13.766667,109.233333,V,CN,M
DA NANG,VN,16.100000,108.216667,S,RN,M
HAI PHONG,VN,20.916667,106.683333,S,RN,M
HON GAI,VN,20.950000,107.066667,V,OR,M
YANDINA,SB,-9.083333,159.216667,V,CN,M
TERN ISLAND,US,23.866667,-166.283333,V,CN,
JOHNSTON ATOLL,XU,16.750000,-169.516667,V,CN,L
MIDWAY ISLAND,QM,28.183333,-177.366667,V,CB,
HALDIA PORT,IN,22.016667,88.083333,V,RN,L
CALCUTTA,IN,22.550000,88.333333,L,RN,M
MONGLA,BD,22.466667,89.600000,S,RN,M
CHITTAGONG,BD,22.316667,91.816667,M,RN,M
SITTWE,MM,20.133333,92.900000,S,OR,M
BASSEIN,MM,16.783333,94.733333,S,RN,M
RANGOON,MM,16.766667,96.166667,S,RN,M
MOULMEIN HARBOR,MM,16.483333,97.616667,S,RN,M
MERGUI,MM,12.433333,98.600000,S,RN,M
PORT BLAIR,IN,11.683333,92.750000,S,CN,M
PHUKET,TH,7.833333,98.400000,S,OR,M
KRABI,TH,8.066667,98.916667,V,RN,M
KANTANG HARBOR,TH,7.400000,99.516667,V,RN,M
PORT KLANG,MY,3.000000,101.400000,L,CN,L
PORT DICKSON,MY,2.533333,101.783333,M,OR,L
AMBES,FR,45.016667,-0.533333,S,RN,L
TEIGNMOUTH HARBOUR,GB,50.550000,-3.500000,V,RN,M
BRIDPORT HARBOUR,GB,50.716667,-2.766667,V,CB,M
POOLE HARBOUR,GB,50.683333,-1.950000,S,RN,M
SOUTHAMPTON,GB,50.900000,-1.400000,L,RB,L
SHOREHAM HARBOUR,GB,50.816667,-0.250000,V,LC,M
DUNKERQUE PORT EST,FR,51.050000,2.383333,M,RT,L
SHIPPEGAN,CA,47.750000,-64.700000,V,CN,M
GEORGETOWN,CA,46.183333,-62.533333,S,RN,L
SUMMERSIDE,CA,46.400000,-63.783333,S,CN,L
PICTOU,CA,45.666667,-62.716667,S,CN,M
PORT HAWKESBURY,CA,45.616667,-61.366667,V,CN,L
PORT HASTINGS,CA,45.650000,-61.400000,V,CN,L
WHYCOCOMAGH,CA,45.966667,-61.133333,V,CN,M
GRAND NARROWS,CA,45.950000,-60.783333,V,CN,M
LITTLE BRAS D OR,CA,46.250000,-60.300000,V,CN,M
NORTH SYDNEY,CA,46.216667,-60.250000,S,CN,L
CORNUCOPIA,US,46.866667,-91.100000,V,RB,M
STURGEON BAY,US,44.833333,-87.383333,S,LC,L
GREEN BAY,US,44.516667,-88.016667,S,RN,M
DEPERE,US,44.450000,-88.066667,V,RN,M
KAUKAUNA,US,44.283333,-88.266667,V,RT,M
OCONTO,US,44.900000,-87.833333,V,RN,M
MARINETTE,US,45.083333,-87.600000,S,RN,M
MENOMINEE,US,45.100000,-87.600000,S,RN,M
ESCANABA,US,45.766667,-87.050000,S,CN,L
GLADSTONE,US,45.850000,-87.016667,V,CN,M
NAHMA,US,45.833333,-86.666667,V,CN,M
MANISTIQUE,US,45.950000,-86.250000,V,CB,M
PORT INLAND,US,45.966667,-85.866667,V,CB,L
GOULAIS BAY,CA,46.733333,-84.500000,V,CN,M
BATCHAWANA BAY,CA,46.916667,-84.600000,V,CN,M
EAST ZEIT TERMINAL,EG,27.850000,33.600000,V,OR,M
SHARM EL SHEIKH,EG,27.850000,34.283333,V,OR,M
EL TUR HARBOR,EG,28.233333,33.616667,V,CN,M
NUWEIBA EL MUZEIMA,EG,28.966667,34.650000,V,CN,M
SHARMAH,SA,27.933333,35.250000,V,CN,M
DUBA,SA,27.566667,35.533333,S,OR,M
DUBA BULK PLANT TANKER TERMINAL,SA,27.316667,35.900000,V,OR,M
NORTH AIN SUKHNA PORT,EG,29.650000,32.366667,S,CB,M
GINGOOG,PH,8.833333,125.100000,V,CN,M
IGGESUND,SE,61.650000,17.083333,V,CN,
ISABEL,PH,10.916667,124.433333,V,OR,M
HUDIKSVALL,SE,61.733333,17.116667,S,RB,M
MASAO,PH,9.000000,125.416667,V,CN,M
STOCKA,SE,61.900000,17.350000,V,CN,
TANAUAN,PH,11.100000,125.016667,V,OR,M
SHAKHTERSK,RU,49.166667,142.066667,V,CN,
KAVKAZ OIL TERMINAL,RU,45.333333,36.650000,V,OR,M
ZARUBINO,RU,42.633333,131.083333,V,CN,
VITAZ MARINE TERMINAL,RU,52.700000,143.550000,V,OR,
STOCKVIK,SE,62.333333,17.383333,V,CN,
SUNDSVALL,SE,62.383333,17.350000,M,CN,M
VIVSTAVARV,SE,62.483333,17.350000,V,CN,M
SORAKER,SE,62.500000,17.500000,V,CN,M
HARNOSAND,SE,62.633333,17.933333,S,CN,L
ULVVIK,SE,62.666667,17.866667,V,CN,L
UTANSJO,SE,62.766667,17.933333,V,CN,L
GUSTAVSVIK,SE,62.833333,17.883333,V,CN,M
LUNDE,SE,62.883333,17.883333,V,CN,L
KRAMFORS,SE,62.933333,17.800000,V,CN,L
KARSKAR,SE,60.683333,17.266667,V,CN,M
VAJA,SE,62.983333,17.716667,V,RN,L
BOLLSTABRUK,SE,63.000000,17.700000,V,CN,L
DEGERHAMN,SE,56.350000,16.416667,V,CB,M
RONEHAMN,SE,57.116667,18.500000,S,CN,M
SLITE,SE,57.700000,18.816667,S,OR,M
FAROSUND,SE,57.916667,19.050000,S,CN,M
STORUGNS,SE,57.833333,18.800000,V,OR,M
VISBY,SE,57.633333,18.283333,S,CB,M
KLINTEHAMN,SE,57.383333,18.200000,V,CB,M
VERKEBACK,SE,57.733333,16.533333,V,CN,M
VASTERVIK,SE,57.766667,16.650000,S,CB,M
NORRKOPING,SE,58.583333,16.200000,M,RN,M
OXELOSUND,SE,58.666667,17.116667,S,CN,M
NYKOPING,SE,58.750000,17.016667,S,RB,M
SODERTALJE,SE,59.183333,17.650000,S,LC,M
NYNASHAMN,SE,58.900000,17.966667,S,CN,M
SAN LORENZO,VE,9.783333,-71.066667,V,LC,L
PUNTA DE PALMAS,VE,10.783333,-71.583333,V,LC,L
BAJO GRANDE,VE,10.516667,-71.633333,V,LC,L
PUNTA CARDON,VE,11.633333,-70.233333,S,OR,L
WAKE ISLAND,QW,19.283333,166.616667,V,CN,L
MAJURO ATOLL,MH,7.083333,171.383333,V,OR,
TARAWA ATOLL,KI,1.333333,172.933333,V,OR,M
NAURU,NR,-0.533333,166.916667,V,OR,M
SAIPAN,MP,15.200000,145.683333,S,CN,M
TINIAN,MP,14.966667,145.616667,V,CB,M
ROTA,MP,14.133333,145.150000,V,OR,
APRA HARBOR,GU,13.450000,144.616667,M,CB,M
LELE HARBOR,FM,5.333333,163.033333,V,CN,
COLONIA,FM,9.516667,138.133333,V,CN,M
MALAKAL HARBOR,PW,7.333333,134.450000,V,OR,M
LONGAN ISLAND,PG,-1.216667,144.300000,V,CN,
LORENGAU,PG,-2.016667,147.266667,V,OR,M
WEWAK HARBOR,PG,-3.566667,143.633333,S,OR,M
HAMBURG HARBOR,PG,-1.633333,149.966667,V,CN,M
KOKOPO,PG,-4.333333,152.266667,V,OR,
KIMBE,PG,-5.133333,150.533333,V,CN,M
KIETA,PG,-6.216667,155.633333,S,CN,L
GIZO HARBOR,SB,-8.100000,156.850000,V,CN,M
NONOPAPA,US,21.866667,-160.233333,V,OR,
APIA,WS,-13.816667,-171.766667,V,CN,L
PAGO PAGO HARBOR,AS,-14.283333,-170.666667,S,CN,M
ALOFI,NU,-19.033333,-169.933333,V,CN,
AVATIU,CK,-21.200000,-159.783333,V,CN,M
NEMRUT LIMANI BAY,TR,38.766667,26.916667,M,CB,L
KUSADASI,TR,37.866667,27.250000,V,CN,M
MARMARIS,TR,36.850000,28.283333,V,CB,M
FETHIYE,TR,36.633333,29.100000,V,CB,M
SOKHUMI,GE,42.983333,40.983333,V,OR,M
CHORNOMORS KE,UA,45.516667,32.700000,V,CN,M
YEVPATORIYA,UA,45.200000,33.383333,V,CN,M
SEVASTOPOL,UA,44.616667,33.533333,L,CN,M
BALAKLAVA,UA,44.500000,33.600000,V,CN,M
YALTA,UA,44.483333,34.166667,V,CB,M
ALUSHTA,UA,44.683333,34.416667,V,OR,M
SUDAK,UA,44.850000,34.983333,V,CN,M
FEODOSIYA,UA,45.016667,35.433333,S,CB,M
BOULOGNE-SUR-MER,FR,50.733333,1.600000,M,RT,M
FECAMP,FR,49.766667,0.366667,S,LC,M
HONFLEUR,FR,49.416667,0.216667,V,RT,M
RADE DE CHERBOURG,FR,49.650000,-1.633333,L,CT,M
DARTMOUTH HARBOUR,GB,50.350000,-3.616667,S,RN,M
FISHGUARD,GB,52.016667,-4.983333,S,CB,L
MILFORD HAVEN,GB,51.716667,-5.033333,M,RN,L
SWANSEA,GB,51.616667,-3.950000,S,RT,L
SEVERODVINSK,RU,64.566667,39.783333,S,CN,
RABOCHEOSTROVSK,RU,64.983333,34.783333,S,CN,
KANDALAKSHA,RU,67.133333,32.416667,V,RN,M
BOLSHAYA PIRYU GUBA,RU,66.666667,34.366667,S,CN,
OSTROVNOY GREMIKHA,RU,68.050000,39.516667,S,CN,
MURMANSK,RU,68.983333,33.050000,L,RN,M
MYS ABRAM,RU,68.983333,33.033333,V,CN,
ELLEFSEN HARBOR,AQ,-60.733333,-45.033333,V,CN,
SCOTIA BAY,AQ,-60.750000,-44.716667,V,CN,
ADMIRALTY BAY,AQ,-62.083333,-58.416667,V,CN,
PORT FOSTER,AQ,-62.950000,-60.633333,V,CN,
PORT LOCKROY,AQ,-64.816667,-63.500000,V,CN,
MELCHIOR HARBOR,AQ,-64.316667,-63.000000,V,CN,
ANDERSEN HARBOR,AQ,-64.316667,-62.933333,V,CN,
BUKHTA NAGAYEVA (MAGADAN),RU,59.566667,150.716667,S,CN,
SOUTHWEST PASS,US,28.450000,-90.700000,S,RN,M
TRI-CITY PORT,US,38.716667,-90.200000,L,RN,L
MOJI KO,JP,33.950000,130.966667,M,RN,M
RAS BADRAN OIL TERMINAL,EG,28.950000,33.166667,V,OR,M
SOKHNA PORT GAS TANKER TERMINAL,EG,29.683333,32.366667,V,CB,M
BANDAR-E PARS TERMINAL,IR,27.533333,52.533333,V,OR,M
BARKAN OIL-LOADING TERMINAL,IR,29.733333,50.166667,V,OR,M
KHAWR AL ZUBAIR,IQ,30.183333,47.900000,V,RN,M
KHAWR AL ZUBAIR LNG TERMINAL,IQ,30.133333,47.916667,V,RN,M
JU AYMAH LPG TERMINAL,SA,26.866667,50.050000,V,OR,M
RAS AL GHAR,SA,26.900000,49.866667,V,CB,
HULAYLAH OIL TERMINAL,AE,25.983333,55.933333,V,OR,M
RUDUM TERMINAL,YE,13.983333,47.916667,V,OR,M
BALHAF,YE,13.966667,48.183333,V,OR,M
PORT DALRYMPLE,AU,-41.133333,146.833333,M,CN,L
CAPE CUVIER,AU,-24.216667,113.383333,V,OR,M
KLEIN POINT,AU,-34.966667,137.766667,V,OR,M
USELESS LOOP,AU,-26.083333,113.400000,V,OR,
BARBER'S POINT,US,21.316667,-158.116667,V,CB,M
PORT NORO,SB,-8.216667,157.183333,S,OR,L
THANH HOA,VN,10.816667,106.766667,V,CN,
NGHE TINH,VN,18.766667,105.766667,S,RN,
PORTO DI CHIOGGIA,IT,45.233333,12.300000,V,RB,L
CAT LAI,VN,10.750000,106.783333,V,CN,M
MAILIAO,TW,23.783333,120.166667,V,CB,
CHAOZHOU,CN,23.616667,117.083333,M,CN,M
CHANGSHU,CN,31.766667,120.950000,S,OR,M
DANDONG,CN,39.816667,124.150000,V,OR,M
HUIZHOU,CN,22.716667,114.516667,V,CN,M
DONGSHAN,CN,23.750000,117.516667,S,CN,M
LANSHAN,CN,30.100000,119.366667,V,OR,M
PENGLAI,CN,37.816667,120.833333,V,CN,M
QUANZHOU,CN,24.883333,118.600000,S,CN,
RIZHAO,CN,35.383333,119.566667,V,CN,M
TAICANG,CN,31.650000,121.200000,V,CB,M
TANGSHAN (JINGTANG),CN,39.200000,119.016667,V,CB,M
XIUYU,CN,25.233333,118.983333,V,CB,M
ZHANGZHOU,CN,24.683333,118.150000,S,CN,
IJMUIDEN,NL,52.466667,4.583333,S,CT,M
ZAANDAM,NL,52.433333,4.833333,S,LC,M
AMSTERDAM,NL,52.366667,4.900000,L,LC,M
SCHEVENINGEN,NL,52.100000,4.266667,V,CB,M
HOEK VAN HOLLAND,NL,51.950000,4.133333,V,RB,
EUROPOORT,NL,51.950000,4.116667,M,LC,L
MAASSLUIS,NL,51.916667,4.250000,V,LC,M
VLAARDINGEN,NL,51.900000,4.350000,V,RB,M
WALVIS BAY,NA,-22.950000,14.500000,S,CN,L
EAST LONDON,ZA,-33.033333,27.916667,S,RN,M
DURBAN,ZA,-29.866667,31.066667,L,CB,M
INHAMBANE,MZ,-23.916667,35.400000,S,RN,
BEIRA,MZ,-19.833333,34.833333,M,CN,M
PORTO BELO,MZ,-17.700000,37.183333,S,OR,M
PEBANE,MZ,-17.266667,38.150000,S,RN,M
PEMBA,MZ,-12.966667,40.500000,V,CB,
IBO,MZ,-12.333333,40.616667,V,CN,
KILWA KIVINJE,TZ,-8.733333,39.416667,V,OR,
MJIMWEMA TERMINAL,TZ,-6.816667,39.366667,V,OR,M
TANGA,TZ,-5.083333,39.116667,S,CN,M
ZANZIBAR,TZ,-6.166667,39.183333,S,CN,M
KISMAAYO,SO,-0.366667,42.550000,V,CB,L
BARAAWE,SO,1.100000,44.050000,V,OR,
VICTORIA,SC,-4.616667,55.450000,V,CN,M
MORONI,KM,-11.700000,43.250000,V,OR,M
DZAOUDZI,KM,-12.783333,45.250000,V,OR,M
ANDOANY,MG,-13.400000,48.300000,V,OR,
MORONDAVA,MG,-20.283333,44.300000,V,OR,
RAUMA,FI,61.133333,21.500000,M,CB,M
UUSIKAUPUNKI,FI,60.800000,21.400000,S,CB,M
NAANTALI,FI,60.466667,22.016667,V,CN,M
TURKU,FI,60.450000,22.233333,M,RB,M
UDANG OILFIELD,ID,4.033333,106.483333,V,OR,M
SIGNILSKAR,FI,60.200000,19.333333,V,CN,M
WIDURI MARINE TERMINAL,ID,-4.666667,106.650000,V,CN,
MARIEHAMN,FI,60.100000,19.916667,S,CN,M
KUMUL,PG,-8.100000,144.566667,V,OR,L
KERCH,UA,45.350000,36.483333,S,OR,M
HENICHESK,UA,46.166667,34.816667,V,CN,M
KYRYLIVKA,UA,46.350000,35.366667,V,OR,M
BERDYANSK,UA,46.750000,36.783333,S,CB,M
MARIUPOL,UA,47.083333,37.566667,S,CB,L
TAGANROG,RU,47.200000,38.950000,V,CB,M
ROSTOV-NA-DONU,RU,47.166667,39.716667,S,RB,M
AZOV,RU,47.100000,39.433333,V,RN,M
YEYSK,RU,46.733333,38.266667,V,CB,M
TEMRYUK,RU,45.350000,37.350000,V,RN,M
ANAPA,RU,44.883333,37.316667,V,OR,M
NOVOROSSIYSK,RU,44.716667,37.783333,L,CB,M
TUAPSE,RU,44.100000,39.066667,S,CB,M
SOCHI,RU,43.583333,39.733333,V,CB,M
ADLER,RU,43.433333,39.933333,V,OR,M
SKADOVS'K,UA,46.100000,32.916667,V,CB,M
KHORLY,UA,46.083333,33.283333,V,CN,M
MILOS,GR,36.716667,24.450000,V,CN,M
SOUDHA,GR,35.483333,24.183333,M,CN,L
IRAKLION,GR,35.350000,25.150000,M,CB,M
SITIA,GR,35.216667,26.133333,V,CN,M
KALI LIMENES,GR,34.933333,24.833333,V,CN,L
RODHOS,GR,36.450000,28.233333,S,CB,M
LIMIN KOS,GR,36.900000,27.283333,V,OR,M
KALIMNOS,GR,36.950000,26.983333,V,CN,M
LAKKI,GR,37.133333,26.850000,V,CN,M
ECEABAT,TR,40.183333,26.366667,V,LC,M
GELIBOLU,TR,40.400000,26.666667,V,LC,M
TEKIRDAG,TR,40.983333,27.516667,V,LC,M
ISTANBUL,TR,41.016667,28.966667,L,LC,L
DEFTERDAR BURNU,TR,41.050000,29.033333,V,CN,M
ISTINYE,TR,41.116667,29.050000,V,CN,M
BURGAS,BG,42.483333,27.483333,S,CB,M
VAITAPE,PF,-16.500000,-151.750000,V,CB,M
UTUROA,PF,-16.733333,-151.450000,V,CN,
PAPEETE,PF,-17.533333,-149.583333,S,CN,M
PORT RIKITEA,PF,-23.116667,-134.966667,V,CN,M
ATUONA,PF,-9.816667,-139.033333,V,CN,
BAIE TAIOHAE,PF,-8.933333,-140.083333,V,CN,
CANTON ISLAND,KI,-2.833333,-171.716667,V,OR,
ENGLISH HARBOR,KI,3.850000,-159.366667,V,CN,M
HONOKAA,US,20.100000,-155.466667,V,OR,
HILO,US,19.733333,-155.066667,M,CB,L
KANDA,JP,33.783333,131.016667,V,CN,L
OITA KO,JP,33.250000,131.666667,V,CB,L
SAGANOSEKI KO,JP,33.250000,131.866667,S,CB,M
TSUKUMI KO,JP,33.083333,131.866667,V,CB,L
SAIKI KO,JP,32.966667,131.933333,S,CB,M
HOSOSHIMA KO,JP,32.433333,131.666667,V,CB,L
KAGOSHIMA KO,JP,31.583333,130.566667,M,CN,L
SHIBUSHI WAN,JP,31.466667,131.100000,S,CB,L
KIIRE,JP,31.383333,130.550000,V,OR,L
MINAMATA KO,JP,32.200000,130.383333,V,CB,L
YATSUSHIRO KO,JP,32.500000,130.533333,S,RN,L
MISUMI KO,JP,32.600000,130.466667,S,CN,L
MIIKE KO,JP,33.000000,130.416667,S,CB,L
NAGASAKI,JP,32.716667,129.850000,L,CN,L
SASEBO,JP,33.166667,129.716667,M,CN,L
IMARI,JP,33.283333,129.883333,V,RN,L
MELAKA,MY,2.200000,102.250000,S,RN,M
COLOMBO,LK,6.950000,79.850000,M,CB,M
GALLE HARBOR,LK,6.016667,80.216667,S,CB,M
BANDAR-E MAHSHAHR,IR,30.466667,49.183333,S,RN,M
BANDAR KHOMEYNI,IR,30.433333,49.083333,S,OR,L
KHARG ISLAND OIL TERMINAL,IR,29.233333,50.333333,S,OR,M
SIRUS OIL TERMINAL,IR,29.016667,49.483333,S,OR,L
BUSHEHR,IR,28.983333,50.833333,M,CN,M
JAZIREH-YE LAVAN OIL TERMINAL,IR,26.783333,53.333333,V,OR,M
JAZIREH-YE HORMOZ,IR,27.100000,56.450000,V,OR,
JAZIREH-YE SIRRI,IR,25.900000,54.550000,S,OR,M
CHAH BAHAR,IR,25.266667,60.616667,V,CN,M
KARACHI,PK,24.783333,66.983333,M,CN,L
MUHAMAMAD BIN QASIM,PK,24.766667,67.350000,S,CN,M
MANDVI,IN,22.833333,69.350000,V,OR,L
OKHA,IN,22.466667,69.083333,V,CN,L
SCHIEDAM,NL,51.900000,4.400000,V,RB,M
THYBORON,DK,56.700000,8.216667,V,CB,M
SAKSKOBING,DK,54.800000,11.633333,S,CN,M
BANDHOLM,DK,54.833333,11.500000,S,CB,M
NAKSKOV,DK,54.833333,11.133333,S,CN,L
RODBY HAVN,DK,54.650000,11.350000,V,CB,M
NYSTED,DK,54.666667,11.733333,V,CB,M
RUDKOBING,DK,54.950000,10.716667,S,CB,M
MARSTAL,DK,54.916667,10.333333,S,CB,M
AEROSKOBING,DK,54.883333,10.416667,V,CB,M
SVENDBORG,DK,55.066667,10.616667,S,CN,M
NYBORG,DK,55.316667,10.800000,S,CB,M
ODENSE,DK,55.416667,10.383333,S,LC,M
MIDDELFART,DK,55.500000,9.733333,S,CB,M
ASSENS,DK,55.266667,9.883333,S,CB,M
FABORG,DK,55.100000,10.250000,S,CN,M
SONDERBORG,DK,54.916667,9.783333,S,RN,M
AUGUSTENBORG,DK,54.950000,9.866667,S,CN,M
ABENRA,DK,55.050000,9.433333,S,CB,L
ENSTED,DK,55.016667,9.433333,V,OR,M
HADERSLEV,DK,55.250000,9.500000,S,RB,M
KOLDING,DK,55.483333,9.500000,S,RB,M
FREDERICIA,DK,55.566667,9.766667,S,CN,M
VEJLE,DK,55.716667,9.550000,S,CN,M
HORSENS,DK,55.866667,9.850000,V,CB,M
ARHUS,DK,56.150000,10.216667,M,CB,L
STUDSTRUP,DK,56.250000,10.350000,M,CN,M
GRENAA HAVN,DK,56.416667,10.933333,V,CB,M
RANDERS,DK,56.466667,10.050000,S,RN,M
HADSUND,DK,56.716667,10.116667,V,CN,M
MARIAGER,DK,56.650000,9.983333,V,CN,M
HOBRO,DK,56.633333,9.800000,V,RN,M
HALS,DK,56.983333,10.316667,V,RN,M
ALBORG,DK,57.050000,9.933333,S,RN,L
FREDERIKSHAVN,DK,57.433333,10.550000,S,CB,M
SKAGEN HAVN,DK,57.716667,10.600000,S,CB,M
GOLFITO,CR,8.633333,-83.166667,S,CN,L
PUERTO QUEPOS,CR,9.433333,-84.166667,V,CN,M
PUERTO CALDERA,CR,9.916667,-84.716667,V,CN,L
PUNTARENAS,CR,9.983333,-84.833333,V,OR,L
PUERTO SANDINO,NI,12.183333,-86.766667,V,OR,L
WALPOLE ISLAND,CA,42.616667,-82.516667,V,RN,M
SOMBRA,CA,42.716667,-82.483333,V,RN,M
SACKETS HARBOR,US,43.950000,-76.116667,V,CN,M
OSWEGO,US,43.466667,-76.516667,S,RN,M
MASSON,CA,45.533333,-75.416667,V,RN,
GATINEAU,CA,45.483333,-75.650000,V,RN,
OTTAWA,CA,45.433333,-75.700000,S,RN,
HULL,CA,45.433333,-75.700000,V,RN,
BEAUHARNOIS,CA,45.316667,-73.883333,V,LC,
COTEAU LANDING,CA,45.250000,-74.200000,V,LC,
ST ZOTIQUE,CA,45.250000,-74.250000,V,LC,
ST ANICET,CA,45.133333,-74.366667,V,RN,
SOUTH LANCASTER,CA,45.133333,-74.500000,V,RN,
CORNWALL,CA,45.016667,-74.733333,V,LC,M
CARDINAL,CA,44.783333,-75.383333,V,LC,
LOWER LAKES TERMINAL,CA,44.733333,-75.466667,S,RN,
BROCKVILLE,CA,44.583333,-75.666667,V,CN,
ROCKPORT,CA,44.383333,-75.933333,V,RN,
GANANOQUE,CA,44.333333,-76.166667,V,RN,
WOLFE ISLAND,CA,44.200000,-76.433333,V,RN,
KINGSTON,CA,44.233333,-76.500000,V,CN,M
OGDENSBURG,US,44.700000,-75.500000,S,RN,
ALEXANDRIA BAY,US,44.333333,-75.916667,V,RN,M
CLAYTON,US,44.233333,-76.050000,V,RN,M
MILLHAVEN,CA,44.200000,-76.733333,V,CN,
PICTON,CA,44.016667,-77.133333,V,CN,M
BELLEVILLE,CA,44.150000,-77.400000,S,CN,M
TRENTON,CA,44.100000,-77.566667,S,RN,
COBOURG,CA,43.950000,-78.166667,S,CB,M
PORT HOPE,CA,43.933333,-78.283333,S,CB,M
OSHAWA,CA,43.866667,-78.816667,S,CB,M
PORT WHITBY,CA,43.850000,-78.933333,S,CB,M
TORONTO,CA,43.616667,-79.383333,M,CN,L
PORT CREDIT,CA,43.550000,-79.583333,V,CB,L
CLARKSON,CA,43.500000,-79.600000,V,OR,L
OAKVILLE,CA,43.433333,-79.666667,V,CB,M
BRONTE,CA,43.400000,-79.716667,V,CB,M
HAMILTON,CA,43.250000,-79.850000,M,CN,L
PORT DALHOUSIE,CA,43.216667,-79.266667,V,CB,M
PORT WELLER,CA,43.233333,-79.216667,S,RT,L
WELLAND,CA,43.000000,-79.250000,S,LC,L
TOLIARA,MG,-23.366667,43.666667,V,OR,M
MANANJARY,MG,-21.250000,48.333333,V,OR,
TOAMASINA,MG,-18.166667,49.416667,S,CB,M
ANTSIRANANA,MG,-12.266667,49.283333,S,CB,L
HONUAPO,US,19.083333,-155.550000,V,OR,
MILOLII,US,19.183333,-155.900000,V,OR,
KAUHAKO BAY,US,19.383333,-155.900000,V,CN,
NAPOOPOO,US,19.483333,-155.933333,V,CN,
KAILUA,US,19.633333,-156.000000,V,CN,
KIHOLO,US,19.866667,-155.950000,V,CN,
KAWAIHAE,US,20.033333,-155.833333,S,CB,M
MAHUKONA,US,20.183333,-155.900000,V,CN,
KAHULUI,US,20.900000,-156.466667,V,CB,M
HANA,US,20.750000,-155.983333,V,CN,
LAHAINA,US,20.866667,-156.666667,V,CB,M
KAUMALAPAU HARBOR,US,20.783333,-157.000000,V,CB,M
PUKOO,US,21.066667,-156.800000,V,TH,
KAMALO,US,21.050000,-156.883333,V,CN,
KAUNAKAKAI,US,21.083333,-157.033333,V,OR,
HONOLULU,US,21.300000,-157.866667,M,CB,M
PORT ALLEN,US,21.900000,-159.583333,S,CB,M
NAWILIWILI BAY,US,21.950000,-159.350000,S,CB,M
AHUKINI LANDING,US,22.000000,-159.333333,V,CB,
MATA-UTU,WF,-13.283333,-176.133333,V,OR,M
DEVONPORT,AU,-41.183333,146.366667,S,RB,L
BEAUTY POINT,AU,-41.150000,146.816667,S,CN,M
LAUNCESTON,AU,-41.450000,147.116667,S,RN,L
WHANGAROA,NZ,-35.050000,173.766667,V,CN,M
OPUA,NZ,-35.316667,174.116667,V,RN,M
WHANGAREI,NZ,-35.800000,174.433333,S,RN,M
AUCKLAND,NZ,-36.850000,174.766667,L,RN,L
TAURANGA,NZ,-37.633333,176.166667,S,CN,M
GISBORNE,NZ,-38.666667,178.033333,S,RB,M
NAPIER,NZ,-39.483333,176.916667,S,CB,L
WELLINGTON,NZ,-41.283333,174.783333,L,CN,L
WANGANUI,NZ,-39.950000,175.033333,V,RN,M
NEW PLYMOUTH,NZ,-39.066667,174.033333,S,CB,L
VARNA,BG,43.183333,27.966667,L,CB,M
MANGALIA,RO,43.816667,28.583333,V,CB,M
CONSTANTA,RO,44.166667,28.650000,M,CB,M
SULINA,RO,45.166667,29.666667,V,RN,L
BRAILA,RO,45.250000,27.983333,V,RN,M
GALATI,RO,45.416667,28.083333,S,RN,M
IZMAYIL,UA,45.333333,28.850000,V,RN,M
ILLICHIVSK,UA,46.300000,30.650000,L,CB,M
ODESA,UA,46.483333,30.733333,L,CB,M
YUZHNYY,UA,46.600000,31.016667,S,RB,M
MYKOLAYIV,UA,46.950000,31.983333,S,RB,L
KHERSON,UA,46.616667,32.600000,S,OR,M
VERAVAL,IN,20.900000,70.366667,V,OR,L
BHAVNAGAR,IN,21.766667,72.233333,S,RT,M
MUMBAI (BOMBAY),IN,18.966667,72.866667,L,CT,L
JAWAHARLAL NEHRU PORT (NHAVA SHIVA),IN,18.950000,72.950000,M,OR,L
MARMAGAO,IN,15.433333,73.800000,S,RN,L
KARWAR,IN,14.816667,74.116667,V,CB,L
AZHIKAL (AZHIKKAL),IN,11.916667,75.300000,V,RN,M
CALICUT (KOZHIKODE),IN,11.250000,75.766667,V,OR,M
BEYPORE,IN,11.166667,75.800000,V,OR,M
KOCHI (COCHIN),IN,9.966667,76.233333,M,CN,L
QUILON (KOLLAM),IN,8.883333,76.583333,V,CB,M
KOLACHEL,IN,8.166667,77.250000,V,OR,M
NEATH,GB,51.633333,-3.833333,V,CN,
PORT TALBOT,GB,51.583333,-3.816667,S,CB,M
BARRY,GB,51.400000,-3.266667,M,CT,M
CARDIFF,GB,51.450000,-3.166667,M,CT,M
NEWPORT,GB,51.550000,-2.983333,M,RT,L
SHARPNESS,GB,51.716667,-2.483333,S,LC,L
AVONMOUTH,GB,51.500000,-2.716667,S,RT,M
BRISTOL,GB,51.466667,-2.633333,M,RT,M
BRIDGWATER,GB,51.133333,-3.000000,V,RN,M
WATCHET HARBOR,GB,51.183333,-3.333333,V,CB,M
BIDEFORD,GB,51.033333,-4.200000,S,RN,M
PADSTOW,GB,50.550000,-4.933333,V,RN,M
HAYLE,GB,50.183333,-5.416667,V,RB,M
NEWLYN,GB,50.100000,-5.550000,V,CB,L
FALMOUTH HARBOUR,GB,50.150000,-5.066667,M,CN,L
CORINTO,NI,12.483333,-87.166667,S,RN,L
PUERTO DE HENCAN,HN,13.400000,-87.450000,V,RN,L
LA UNION,SV,13.333333,-87.833333,V,CN,L
ACAJUTLA,SV,13.583333,-89.833333,V,CB,L
PUERTO QUETZAL,GT,13.916667,-90.800000,V,CB,L
PUERTO MADERO,MX,14.700000,-92.450000,V,RB,M
SALINA CRUZ,MX,16.166667,-95.200000,S,CB,L
PAITA,PE,-5.083333,-81.116667,V,OR,L
TALARA,PE,-4.583333,-81.283333,S,CN,L
BAHIA SAN VICENTE,CL,-36.733333,-73.166667,V,CN,L
TALCAHUANO,CL,-36.700000,-73.100000,S,CN,L
LIRQUEN,CL,-36.716667,-72.983333,V,CN,M
PENCO,CL,-36.716667,-73.000000,V,CN,L
PUERTO SAN ANTONIO,CL,-33.583333,-71.616667,S,CB,L
BAHIA DE VALPARAISO,CL,-33.033333,-71.616667,M,CB,L
BAHIA QUINTERO (VENTANAS),CL,-32.766667,-71.533333,V,OR,L
BAHIA HERRADURA GUAYACAN,CL,-29.966667,-71.366667,V,OR,L
COQUIMBO,CL,-29.950000,-71.333333,V,CN,L
HUASCO,CL,-28.466667,-71.250000,V,OR,L
PUERTO CALDERA,CL,-27.050000,-70.833333,V,CN,L
PUERTO CALDERILLA,CL,-27.083333,-70.866667,V,CN,L
PUERTO CHANARAL,CL,-26.350000,-70.650000,V,CN,L
TALTAL,CL,-25.400000,-70.483333,V,CN,L
ANTOFAGASTA,CL,-23.650000,-70.416667,M,CB,L
MEJILLONES,CL,-23.100000,-70.466667,S,CN,L
TOCOPILLA,CL,-22.083333,-70.233333,S,OR,L
IQUIQUE,CL,-20.200000,-70.166667,S,CB,L
RADA DE ARICA,CL,-18.466667,-70.333333,S,OR,L
PUERTO ILO,PE,-17.633333,-71.366667,V,OR,L
BAHIA DE MATARANI,PE,-17.000000,-72.116667,S,CB,L
BAHIA SAN NICOLAS,PE,-15.250000,-75.233333,V,CB,L
GARGANTUA,CA,47.566667,-84.966667,V,CN,M
MICHIPICOTEN,CA,47.966667,-84.900000,V,CN,M
QUEBEC HARBOUR,CA,47.700000,-85.800000,V,CN,M
HERON BAY,CA,48.650000,-86.316667,V,CN,M
THUNDER BAY,CA,48.400000,-89.233333,M,CB,L
GRAND MARAIS,US,46.683333,-85.966667,V,CB,M
MUNISING,US,46.416667,-86.650000,V,CN,M
MARQUETTE,US,46.533333,-87.383333,S,CB,M
PRESQUE ISLE,US,46.566667,-87.383333,V,CB,M
L ANSE,US,46.766667,-88.466667,V,CN,M
AMUAY (BAHIA DE AMUAY),VE,11.750000,-70.233333,S,OR,L
PUERTO CUMAREBO,VE,11.483333,-69.350000,V,OR,M
EL PALITO,VE,10.483333,-68.116667,V,OR,L
PUERTO CABELLO,VE,10.483333,-68.000000,M,CN,L
LA GUAIRA,VE,10.616667,-66.933333,S,CB,M
GUANTA,VE,10.250000,-64.583333,S,OR,L
BAHIA DE PERTIGALETE,VE,10.233333,-64.566667,S,CN,M
CARUPANO,VE,10.700000,-63.250000,V,CB,M
GUIRIA,VE,10.566667,-62.300000,V,CB,M
PUERTO DE HIERRO,VE,10.633333,-62.100000,S,OR,L
CARIPITO,VE,10.150000,-63.033333,V,RN,L
PALUA,VE,8.366667,-62.683333,V,RN,L
PUERTO ORDAZ,VE,8.350000,-62.716667,S,RN,L
GEORGETOWN,GY,6.833333,-58.166667,M,RN,L
LINDEN,GY,6.000000,-58.300000,V,RN,M
NEW AMSTERDAM,GY,6.250000,-57.516667,V,RN,
NIEUW NICKERIE,SR,5.950000,-57.000000,V,RN,M
PARAMARIBO,SR,5.833333,-55.166667,S,RN,L
PARANAM,SR,5.616667,-55.100000,V,RN,L
BASSE TERRE,GP,16.000000,-61.733333,V,OR,L
PORT LOUIS,GP,16.416667,-61.533333,V,OR,L
ROSEAU,DM,15.300000,-61.400000,V,CN,L
PORTSMOUTH,DM,15.566667,-61.466667,V,CN,L
FORT DE FRANCE,MQ,14.600000,-61.066667,M,OR,L
THOROLD,CA,43.083333,-79.716667,S,LC,L
ST CATHERINE,CA,43.183333,-79.283333,V,LC,L
NIAGARA,CA,43.250000,-79.066667,V,RN,M
QUEENSTON,CA,43.166667,-79.066667,V,RN,M
CHAUMONT,US,44.066667,-76.133333,V,CN,M
CUMBERLAND,CA,45.516667,-75.400000,V,RN,
ORMOS ALIVERIOU,GR,38.383333,24.050000,M,CB,M
PORTHMOS EVRIPOU,GR,38.466667,23.583333,V,CN,M
LARIMNA,GR,38.566667,23.283333,V,CN,M
STILIS,GR,38.916667,22.616667,V,CN,M
TSINGELI,GR,39.166667,22.850000,V,CN,M
VOLOS,GR,39.366667,22.950000,M,CB,M
MILIANA,GR,39.166667,23.216667,V,CN,M
THESSALONIKI,GR,40.633333,22.933333,M,CN,L
YERAKINI,GR,40.266667,23.466667,V,CN,M
STRATONI,GR,40.516667,23.833333,V,CN,M
LAGOS,GR,41.000000,25.133333,V,CN,M
ALEXANDROUPOLI,GR,40.833333,25.883333,M,CB,M
MITILINI,GR,39.100000,26.566667,S,CB,M
PLOMARION,GR,38.983333,26.366667,V,CB,M
VRAKHONISIS KALLONIS,GR,39.083333,26.083333,V,CN,M
KHIOS,GR,38.366667,26.133333,V,CB,M
NEON KARLOVAS,GR,37.800000,26.683333,S,CB,M
SAMOS,GR,37.750000,26.966667,V,CN,M
PITHAGORION,GR,37.683333,26.950000,V,CB,M
GAVRIO,GR,37.883333,24.733333,V,CN,M
ANDROS,GR,37.833333,24.950000,V,CN,M
MIKONOS,GR,37.450000,25.333333,V,CN,L
LIMIN SIROU,GR,37.433333,24.950000,V,CB,M
NISOS NAXOS,GR,37.100000,25.366667,V,OR,M
DHIAVLOS STENO,GR,38.450000,23.600000,V,CN,L
SHENGJIN,AL,41.816667,19.600000,V,CN,
DURRES,AL,41.316667,19.450000,S,CB,M
VLORES,AL,40.466667,19.500000,V,CN,M
KERKIRA,GR,39.616667,19.933333,M,OR,M
PREVEZA,GR,38.950000,20.750000,V,CN,M
ARGOSTOLION,GR,38.183333,20.516667,V,CN,L
MESOLONGION,GR,38.366667,21.416667,V,CB,M
ITEA,GR,38.433333,22.416667,V,OR,M
MANUKAU HARBOR,NZ,-36.933333,174.783333,M,CN,L
COLLINGWOOD,NZ,-40.683333,172.666667,V,CN,
NELSON,NZ,-41.266667,173.266667,S,CB,L
PICTON,NZ,-41.283333,174.016667,S,RB,L
PORT LYTTELTON,NZ,-43.600000,172.716667,V,CB,M
AKAROA,NZ,-43.800000,172.966667,V,CN,M
TIMARU,NZ,-44.400000,171.250000,S,CB,M
OTAGO HARBOR,NZ,-45.816667,170.633333,S,RB,M
BLUFF HARBOR,NZ,-46.600000,168.333333,S,CB,M
GREYMOUTH,NZ,-42.433333,171.216667,V,RN,M
WESTPORT,NZ,-41.750000,171.600000,V,RN,M
KINGSTON,NF,-29.066667,167.950000,V,OR,M
CHARLESTOWN,GB,50.333333,-4.750000,V,CT,M
PAR,GB,50.350000,-4.700000,V,CB,M
HOLYHEAD,GB,53.316667,-4.633333,S,CB,M
CAERNARVON,GB,53.150000,-4.266667,S,RB,
SLIGO,IE,54.266667,-8.466667,V,RB,M
WESTPORT,IE,53.800000,-9.533333,V,CN,
GALWAY,IE,53.266667,-9.050000,V,RT,M
LIMERICK,IE,52.633333,-8.616667,S,RT,M
FOYNES,IE,52.616667,-9.116667,L,RN,L
TARBERT,IE,52.583333,-9.366667,V,RN,L
FENIT,IE,52.266667,-9.866667,V,CN,M
BANTRY,IE,51.683333,-9.450000,V,CN,L
COBH,IE,51.850000,-8.300000,M,RN,M
CORK,IE,51.850000,-8.266667,M,RN,M
WATERFORD,IE,52.266667,-7.116667,V,RN,L
ROSSLARE,IE,52.250000,-6.333333,S,CB,M
KARATSU,JP,33.483333,129.966667,S,CN,L
HAKATA,JP,33.600000,130.400000,M,CB,L
IZUHARA,JP,34.200000,129.300000,V,CN,L
KIN WAN,JP,26.416667,127.900000,V,OR,L
NAHA KO,JP,26.216667,127.683333,S,CB,L
HIRARA KO,JP,24.800000,125.283333,V,CN,
ISHIGAKI,JP,24.333333,124.166667,V,OR,M
OKHOTSK IY REYD,RU,59.366667,143.200000,V,RN,
WAKAMATSU KO,JP,33.900000,130.816667,L,CN,L
HAGI KO,JP,34.416667,131.400000,V,CN,
HAMADA KO,JP,34.900000,132.083333,V,CB,L
SAKAI KO,JP,35.550000,133.250000,S,CN,L
MIYAZU,JP,35.533333,135.200000,M,CN,L
MAIZURU KO,JP,35.516667,135.333333,S,CN,L
KANAZAWA,JP,36.616667,136.600000,S,RB,L
NANAO KO,JP,37.050000,136.983333,S,CN,L
BARAGA,US,46.783333,-88.483333,V,CN,M
COPPER HARBOR,US,47.466667,-87.866667,V,CN,M
EAGLE HARBOR,US,47.466667,-88.166667,V,CN,M
HOUGHTON,US,47.116667,-88.566667,S,LC,M
ONTONAGON,US,46.883333,-89.333333,V,RN,M
ASHLAND,US,46.600000,-90.866667,S,CN,M
WASHBURN,US,46.666667,-90.883333,V,CN,M
BAYFIELD,US,46.800000,-90.816667,V,CN,M
LA POINTE,US,46.783333,-90.783333,V,CN,M
TWO RIVERS,US,44.150000,-87.566667,V,CB,M
KEWAUNEE,US,44.466667,-87.500000,V,CB,M
ALGOMA,US,44.600000,-87.433333,V,RN,M
SAGINAW,US,43.433333,-83.933333,S,RN,M
ALABASTER,US,44.183333,-83.550000,V,OR,M
TAWAS CITY,US,44.266667,-83.500000,V,CN,M
AU SABLE,US,44.400000,-83.316667,V,RN,M
OSCODA,US,44.416667,-83.316667,V,RN,M
ALPENA,US,45.066667,-83.416667,S,CN,M
ROCKPORT,US,45.200000,-83.383333,V,OR,M
CALCITE,US,45.416667,-83.783333,V,CB,L
ROGERS CITY,US,45.450000,-83.816667,V,OR,M
CHEBOYGAN,US,45.650000,-84.466667,S,RN,M
MACKINAW CITY,US,45.783333,-84.716667,V,LC,M
MACKINAC ISLAND,US,45.850000,-84.616667,V,CB,M
ST IGNACE,US,45.850000,-84.716667,V,CN,M
SAULT STE MARIE,US,46.500000,-84.350000,S,RN,M
ST. JAMES HARBOR,US,45.733333,-85.516667,V,CN,M
HARBOR SPRINGS,US,45.433333,-84.983333,V,CN,M
PETOSKEY,US,45.366667,-84.966667,V,CB,M
CHARLEVOIX,US,45.316667,-85.266667,V,LC,M
TRAVERSE CITY,US,44.766667,-85.616667,V,CN,M
LELAND,US,45.016667,-85.766667,V,CB,M
FRANKFORT,US,44.633333,-86.250000,S,CN,M
MANISTEE,US,44.250000,-86.316667,S,RN,M
LUDINGTON,US,43.950000,-86.450000,S,RN,
WHITE LAKE,US,43.383333,-86.350000,S,RN,M
MUSKEGON,US,43.233333,-86.266667,S,RN,M
ZHAPU,CN,30.583333,121.083333,S,OR,M
SANYA,CN,18.316667,109.450000,V,OR,M
YANGPU,CN,19.733333,109.183333,V,CB,M
CHIWAN,CN,19.966667,110.033333,V,CB,M
SHUI DONG,CN,21.483333,111.083333,V,CB,M
ZHUHAI,CN,22.233333,113.583333,V,CB,M
QINZHOU,CN,21.733333,108.583333,V,CN,L
HUANGPU,CN,23.083333,113.416667,S,RN,M
CHANGZHOU,CN,31.966667,119.983333,S,OR,M
HANKO,FI,59.816667,22.950000,S,CB,M
TOREHAMN,SE,65.900000,22.650000,V,CN,M
TARAKOHE,NZ,-40.850000,172.900000,V,CN,M
KOPMANHOLMEN,SE,63.166667,18.583333,V,CN,M
BAKAPIT,MY,4.950000,118.583333,V,CN,M
ORNSKOLDSVIK,SE,63.283333,18.716667,S,CB,M
HUSUM,SE,63.333333,19.150000,V,CN,M
RUNDVIK,SE,63.533333,19.450000,V,CN,M
NORDMALING,SE,63.566667,19.483333,V,CN,M
BINTANGOR,MY,2.166667,111.633333,V,RN,
MOSTYN,MY,4.683333,118.250000,V,OR,
KEMAMAN HARBOR,MY,4.250000,103.466667,V,CN,L
UMEA HAMN,SE,63.700000,20.350000,S,CB,M
TG. MANI,MY,2.150000,111.350000,V,RN,M
GUMBODAHAMN,SE,64.233333,21.100000,V,RB,
TANJUNG PELEPAS,MY,1.350000,103.550000,M,RB,L
BONGKOT TERMINAL,TH,8.050000,102.333333,V,OR,L
VUNG TAU,VN,10.350000,107.066667,S,RN,L
SKELLEFTEHAMN,SE,64.683333,21.233333,S,CN,M
KAGEHAMN,SE,64.833333,21.033333,V,CN,M
PATTANI,TH,6.950000,101.300000,S,CN,
TANTAWAN MARINE TERMINAL,TH,10.083333,101.416667,V,OR,M
BRANNFORS,SE,65.016667,21.383333,V,CN,M
BANG SAPHAN,TH,11.183333,99.600000,V,CN,M
KHANOM,TH,9.200000,99.900000,V,CN,
LAEM CHABANG,TH,13.083333,100.883333,S,CB,L
PITEA,SE,65.316667,21.483333,S,CN,M
ERAWAN TERMINAL,TH,9.100000,101.350000,V,OR,L
BENCHAMAS TERMINAL,TH,10.516667,101.250000,V,OR,L
LULEA,SE,65.583333,22.166667,M,CN,M
SI RACHA,TH,13.166667,100.916667,M,OR,L
MAP TA PHUT,TH,12.666667,101.166667,V,CB,L
GAVLE,SE,60.683333,17.166667,S,CN,M
COLON,AR,-32.216667,-58.133333,V,RN,
LA PLATA,AR,-34.833333,-57.883333,M,RB,L
DEGRAD DES CANNES,GF,4.850000,-52.266667,V,RN,L
PORTO SANTANA,BR,-0.050000,-51.183333,V,RN,L
LAUTOKA HARBOR,FJ,-17.600000,177.450000,V,CB,M
SUVA HARBOR,FJ,-18.133333,178.416667,S,CN,L
LEVUKA,FJ,-17.683333,178.833333,S,CN,M
MALAI,FJ,-16.350000,179.366667,V,CB,
SAVUSAVU BAY,FJ,-16.766667,179.333333,V,OR,M
NUKU ALOFA,TO,-21.133333,-175.200000,V,CN,M
PANGAI,TO,-19.800000,-174.350000,V,CN,M
NEIAFU,TO,-18.650000,-173.983333,V,CN,M
FUNAFUTI ATOLL,TV,-8.516667,179.133333,V,CN,M
PORT BONYTHON,AU,-33.016667,137.766667,S,OR,M
PORT LINCOLN,AU,-34.716667,135.850000,M,CB,M
THEVENARD,AU,-32.166667,133.650000,S,CN,M
ESPERANCE,AU,-33.866667,121.900000,V,CB,M
ALBANY,AU,-35.033333,117.883333,S,CN,M
BUNBURY,AU,-33.316667,115.633333,S,CB,M
FREMANTLE,AU,-32.050000,115.750000,L,CB,M
GERALDTON,AU,-28.783333,114.600000,V,CB,M
POINT MURAT,AU,-21.816667,114.183333,V,OR,L
ONSLOW,AU,-21.650000,115.100000,V,OR,
PORT WALCOTT,AU,-20.650000,117.183333,V,OR,M
DAMPIER,AU,-20.633333,116.716667,M,CB,M
PORT HEDLAND,AU,-20.316667,118.583333,S,RN,L
BROOME,AU,-17.966667,122.233333,S,CN,M
WYNDHAM,AU,-15.466667,128.100000,V,RN,M
DARWIN,AU,-12.466667,130.850000,M,CN,M
AIGIO,GR,38.250000,22.083333,V,OR,M
PATRAI,GR,38.250000,21.733333,S,CB,L
KATAKOLON,GR,37.650000,21.316667,V,CB,M
PILOS,GR,36.900000,21.666667,V,CN,M
KALAMATA,GR,37.016667,22.116667,S,CB,M
YITHION,GR,36.750000,22.566667,V,OR,M
NAVPLIO,GR,37.566667,22.800000,V,CB,M
MEGARA OIL TERMINAL,GR,37.966667,23.400000,V,OR,L
AYIOS NIKOLAOS,GR,37.983333,23.533333,V,CB,
ELEVSIS,GR,38.033333,23.550000,S,OR,L
PAKHI OIL TERMINAL,GR,37.966667,23.383333,V,OR,M
PERAMA,GR,37.966667,23.566667,S,OR,L
NIIGATA KO,JP,37.916667,139.050000,M,RB,L
RYOTU KO,JP,38.083333,138.566667,V,CN,L
SAKATA KO,JP,38.933333,139.816667,S,CT,L
AKITA-FUNAKAWA KO,JP,39.833333,140.000000,V,CB,L
HANNAN KO,JP,34.466667,135.350000,S,CN,M
TAKAMATSU,JP,34.350000,134.050000,V,CB,L
KOMATSUSHIMA,JP,34.016667,134.600000,S,CB,
TACHIBANA,JP,33.866667,134.666667,V,CB,L
KOCHI KO,JP,33.500000,133.566667,M,CN,M
SUSAKI KO,JP,33.383333,133.300000,V,CB,L
UWAJIMA KO,JP,33.216667,132.566667,V,CN,
YAWATAHAMA,JP,33.450000,132.416667,V,CN,M
MATSUYAMA,JP,33.850000,132.700000,S,CB,L
KIKUMA KO,JP,34.033333,132.833333,V,CB,L
MUTUREZIMA KO,JP,33.966667,130.866667,S,OR,L
IMABARI KO,JP,34.066667,133.016667,S,CB,M
NIIHAMA,JP,33.983333,133.283333,S,CB,L
MISHIMA-KAWANOE KO,JP,34.000000,133.550000,S,CN,L
MALE,MV,4.166667,73.500000,V,CN,M
ABADAN,IR,30.333333,48.283333,M,RN,M
MINA RAYSUT,OM,16.933333,54.016667,S,CB,L
MINA QABUS,OM,23.633333,58.583333,V,CB,M
MINA AL FAHL,OM,23.633333,58.516667,S,OR,M
FUJAYRAH HARBOR,AE,25.166667,56.333333,S,CB,L
KHAWR FAKKAN,AE,25.350000,56.383333,M,CN,L
MINA SAQR,AE,25.983333,56.050000,V,CB,M
FATEH OIL TERMINAL,AE,25.583333,54.416667,V,OR,L
MUBARRAZ OIL TERMINAL,AE,24.433333,53.516667,S,OR,L
AL HAMRIYAH LPG TERMINAL,AE,25.466667,55.483333,S,CB,L
DUBAYY,AE,25.266667,55.300000,S,CB,L
MINA JABAL ALI,AE,25.016667,55.050000,L,CB,L
JAZIRAT DAS,AE,25.150000,52.866667,V,OR,M
ABU ZABY,AE,24.500000,54.333333,M,CB,L
UMM AN NAR,AE,24.450000,54.483333,V,RN,M
JABAL AZ ZANNAH/RUWAYS,AE,24.200000,52.700000,M,CB,L
UMM SAID,QA,24.916667,51.566667,S,OR,M
DOHA,QA,25.283333,51.533333,S,CN,M
NANTONG,CN,32.000000,120.800000,S,RN,M
ZHANGJIANGANG,CN,31.966667,120.400000,S,RN,M
DAESAN HANG,KR,37.016667,126.400000,V,OR,
VOSTOCHNYY,RU,42.750000,133.083333,V,OR,M
ATSUMI,JP,34.666667,137.066667,V,CN,M
SLAVYANKA,RU,42.866667,131.383333,S,CN,
O0KIHAMA,JP,34.750000,134.566667,V,CN,M
ISIKARI WAN,JP,43.233333,141.366667,V,CB,
TSURUGA KO,JP,35.650000,136.066667,S,CB,L
NAOETSU KO,JP,37.183333,138.250000,V,CB,L
BELEKERI,IN,14.700000,74.266667,V,OR,M
PANAJI,IN,15.500000,73.816667,V,CN,M
VADINAR TERMINAL,IN,22.516667,69.700000,V,OR,L
NAKAGUSUKU,JP,26.266667,127.916667,S,OR,L
AOKATA,JP,32.983333,129.066667,V,OR,
FUKUI,JP,36.066667,136.200000,V,OR,
KASHIWAZAKI,JP,37.366667,138.550000,V,CN,
HABU KO,JP,34.283333,133.183333,V,CB,L
NISHIHARA,JP,26.216667,127.800000,V,OR,L
ONODA,JP,34.000000,131.183333,S,OR,
SHINGU,JP,33.666667,135.983333,V,CB,L
TAKUMA,JP,34.216667,133.683333,S,RB,L
TOKACHI,JP,42.250000,143.300000,V,CB,
TONDA,JP,34.033333,131.750000,S,CB,
UCHIURA,JP,35.516667,135.500000,V,CN,
MCMURDO STATION,AQ,-77.850000,166.650000,S,CN,
PUERTO MORRO REDONDO,MX,28.050000,-115.183333,V,OR,L
PICHILINGUE,MX,24.266667,-110.333333,S,CB,L
PUERTO COLON,PA,9.366667,-79.883333,M,CB,M
CHARCO AZUL,PA,8.216667,-82.866667,V,OR,L
HIRTSHALS,DK,57.600000,9.966667,V,CB,M
HANSTHOLM,DK,57.133333,8.600000,V,CB,M
NYKOBING (FALSTER),DK,54.766667,11.866667,S,RN,M
ROSTOCK,DE,54.100000,12.133333,L,RN,M
WISMAR,DE,53.900000,11.466667,S,CN,M
LUBECK-TRAVEMUNDE,DE,53.966667,10.883333,S,RN,L
LUBECK,DE,53.883333,10.700000,M,LC,M
NEUSTADT,DE,54.100000,10.816667,V,RN,M
HEILIGENHAFEN,DE,54.366667,10.983333,V,CB,M
KIEL,DE,54.316667,10.133333,L,RB,M
HAKODATE KO,JP,41.783333,140.716667,M,CB,L
ESASI KO,JP,41.866667,140.116667,V,CB,
OTARU KO,JP,43.200000,141.016667,M,CB,L
RUMOI KO,JP,43.950000,141.633333,V,CB,L
WAKKANAI,JP,43.416667,141.683333,S,CB,L
AOMORI KO,JP,40.833333,140.750000,S,CB,L
HACHINOHE KO,JP,40.533333,141.550000,S,CB,L
MIYAKO,JP,39.633333,141.983333,S,CB,L
KAMAISHI KO,JP,39.266667,141.900000,S,CN,L
OFUNATO,JP,39.050000,141.733333,S,CN,L
KESENNUMA KO,JP,38.866667,141.600000,V,CN,M
ONAGAWA,JP,38.450000,141.450000,V,CB,
ISHINOMAKI KO,JP,38.400000,141.316667,V,CN,L
SENDAI-SHIOGAMA,JP,38.316667,141.033333,S,CN,L
ONAHAMA KO,JP,36.933333,140.900000,S,CB,L
HITACHI,JP,36.500000,140.633333,V,RB,L
KASHIMA KO,JP,35.933333,140.700000,S,CB,L
CHOSHI,JP,35.733333,140.850000,V,RN,L
TATEYAMA KO,JP,35.000000,139.800000,V,CN,
KISARAZU KO,JP,35.366667,139.883333,V,CB,L
CHIBA KO,JP,35.583333,140.066667,S,CB,L
KATSUNAN KO,JP,35.666667,139.983333,S,CB,L
KAWASAKI KO,JP,35.500000,139.766667,L,CB,L
YOKOHAMA KO,JP,35.450000,139.583333,L,CB,L
MYS ROGATYY OKTYABRSKIY,RU,50.733333,142.100000,V,OR,
POHANG,KR,36.050000,129.383333,S,OR,L
MUKHO,KR,37.566667,129.116667,V,CB,M
SOKCH'O HANG,KR,38.200000,128.600000,V,CB,
RICHARDS BAY,ZA,-28.816667,32.083333,M,CB,M
MAPUTO,MZ,-25.966667,32.583333,M,LC,M
CHINDE,MZ,-18.566667,36.500000,S,RN,M
QUELIMANE,MZ,-17.883333,36.883333,V,RN,M
MOCAMBIQUE,MZ,-15.033333,40.733333,S,CN,
NACALA,MZ,-14.533333,40.666667,V,CN,L
PIRAIEVS,GR,37.933333,23.650000,L,CB,L
ORMOS MIKRO VATHI,GR,38.433333,23.600000,V,CN,M
DUBROVNIK,HR,42.666667,18.083333,S,CN,M
PORTO DI BARLETTA,IT,41.316667,16.283333,V,CB,M
MANFREDONIA,IT,41.616667,15.916667,S,CB,M
VASTO,IT,42.116667,14.716667,V,CB,M
ORTONA,IT,42.350000,14.416667,S,CB,M
PESCARA,IT,42.466667,14.216667,S,CB,M
ANCONA,IT,43.616667,13.500000,S,CB,L
PORTO DI CORSINI,IT,44.500000,12.283333,M,LC,M
PORTO DI MALAMOCCO,IT,45.333333,12.316667,V,LC,M
PORTO DI LIDO-VENEZIA,IT,45.416667,12.433333,L,CB,L
MONFALCONE,IT,45.783333,13.550000,M,RB,L
TRIESTE,IT,45.650000,13.766667,L,CB,L
MUGGIA,IT,45.600000,13.766667,V,CB,
KOPER,SI,45.550000,13.733333,S,CN,M
PIRAN,SI,45.533333,13.566667,V,CB,
UMAG,HR,45.433333,13.516667,V,CB,M
ROVINJ,HR,45.083333,13.633333,S,CB,
PULA,HR,44.883333,13.800000,V,CB,L
BRSICA,HR,45.033333,14.050000,V,CN,
RIJEKA LUKA,HR,45.333333,14.433333,L,RB,M
BAKAR,HR,45.300000,14.533333,S,CN,L
OMISALJ,HR,45.216667,14.550000,S,CN,L
SENJ,HR,44.983333,14.900000,V,CN,M
ZADAR,HR,44.116667,15.216667,S,CN,M
SIBENIK,HR,43.733333,15.883333,S,CN,M
MOLFETTA,IT,41.216667,16.600000,S,CB,M
SPLIT,HR,43.500000,16.433333,L,CB,L
PLOCE,HR,43.050000,17.433333,V,CN,M
TORRE ANNUNZIATA,IT,40.750000,14.450000,S,CB,M
MILNER BAY,AU,-13.866667,136.416667,V,OR,M
WEIPA,AU,-12.666667,141.866667,V,CN,M
GOVE,AU,-12.200000,136.700000,V,OR,L
KARUMBA,AU,-17.483333,140.833333,V,RN,
HOBART,AU,-42.883333,147.333333,M,RN,L
PORT HUON,AU,-43.166667,146.983333,V,RN,L
DOVER,AU,-43.316667,147.033333,V,CN,
STANLEY,AU,-40.766667,145.283333,V,CB,L
PORT LATTA,AU,-40.833333,145.383333,V,OR,M
BURNIE,AU,-41.050000,145.950000,S,CB,M
WHYALLA,AU,-33.033333,137.583333,S,CB,M
BALLINA,AU,-28.866667,153.566667,S,RN,M
NEWCASTLE,AU,-32.916667,151.783333,L,CB,L
JAZIRAT HALUL,QA,25.683333,52.416667,V,OR,L
SITRAH,BH,26.166667,50.666667,M,OR,M
MINA SALMAN,BH,26.200000,50.633333,M,CN,M
DAMMAM,SA,26.500000,50.200000,S,CB,L
AL JUBAYL,SA,27.083333,49.666667,V,CB,M
RAS  TANNURAH,SA,26.633333,50.166667,M,OR,L
JU AYMAH OIL TERMINAL,SA,26.933333,50.033333,S,OR,L
MINA AZ ZAWR,KW,28.733333,48.400000,V,OR,M
MINA ASH SHUAYBAH,KW,29.033333,48.166667,M,OR,M
MINA ABD ALLAH,KW,29.016667,48.166667,S,OR,M
MINA AL AHMADI,KW,29.066667,48.166667,M,OR,M
KHAWR AL AMAYA,IQ,29.783333,48.800000,V,OR,M
AL-BASRA OIL TERMINAL,IQ,29.683333,48.816667,V,OR,L
UMM QASR,IQ,30.016667,47.950000,S,RN,M
AL BASRAH,IQ,30.516667,47.833333,M,RN,M
KHORRAMSHAHR,IR,30.433333,48.183333,M,RN,M
AL AHMADI,YE,14.833333,42.966667,S,CB,M
ADEN,YE,12.783333,44.950000,M,CN,M
AL MUKALLA,YE,14.516667,49.116667,S,CB,L
DUBLIN,IE,53.350000,-6.250000,M,CB,L
GREENORE,IE,54.033333,-6.133333,V,CN,L
SILLOTH,GB,54.866667,-3.400000,S,CT,M
WORKINGTON,GB,54.566667,-3.633333,V,RT,M
BARROW IN FURNESS,GB,54.116667,-3.233333,M,CT,M
HEYSHAM,GB,54.033333,-2.916667,V,CB,M
FLEETWOOD,GB,53.916667,-3.016667,S,RT,M
LIVERPOOL,GB,53.416667,-3.000000,L,RT,L
MANCHESTER,GB,53.483333,-2.266667,L,RT,M
RATHMULLAN,IE,55.100000,-7.533333,V,CN,
KILLYBEGS,IE,54.633333,-8.450000,V,CN,L
MALLAIG,GB,57.000000,-5.816667,V,CN,M
TOBERMORY,GB,56.616667,-6.066667,V,CN,M
CRAIGNURE,GB,56.466667,-5.700000,V,CN,
CORPACH,GB,56.850000,-5.116667,S,CN,
OBAN,GB,56.416667,-5.466667,S,CN,
PORT ELLEN,GB,55.633333,-6.200000,V,OR,M
CRINAN (CANAL),GB,56.083333,-5.566667,V,LC,M
CAMPBELTOWN,GB,55.433333,-5.600000,S,CN,M
LAMLASH HARBOR,GB,55.533333,-5.116667,V,OR,L
ECKERNFORDE,DE,54.483333,9.833333,S,RB,M
KAPPELN,DE,54.666667,9.933333,V,RN,M
FLENSBURG,DE,54.800000,9.433333,S,RB,M
NEKSO,DK,55.066667,15.133333,V,CB,M
RONNE,DK,55.100000,14.700000,S,CB,L
HASLE,DK,55.183333,14.700000,V,CB,M
CHRISTIANSO HARBOR,DK,55.316667,15.183333,V,CB,M
FAKSE LADEPLADS HAVN,DK,55.216667,12.166667,V,CB,M
KOGE,DK,55.450000,12.200000,V,CB,M
KOBENHAVN,DK,55.700000,12.616667,L,CB,L
TUBORG,DK,55.716667,12.583333,V,CB,M
HELSINGOR,DK,56.033333,12.616667,V,CB,L
FREDERIKSVAERK,DK,55.966667,12.016667,V,CB,M
FREDERIKSSUND,DK,55.833333,12.050000,V,CB,M
KYNDBYVAERKETS HAVN,DK,55.816667,11.883333,V,CB,M
HOLBAEK,DK,55.716667,11.716667,V,CB,M
KALUNDBORG,DK,55.683333,11.100000,S,CB,L
KORSOR,DK,55.333333,11.133333,S,CB,M
SKAELSKOR,DK,55.250000,11.300000,V,CB,M
STIGSNAESVAERKET,DK,55.200000,11.250000,V,OR,M
NAESTVED,DK,55.233333,11.750000,S,RB,M
VORDINGBORG,DK,55.000000,11.900000,V,CN,M
STUBBEKOBING,DK,54.883333,12.050000,S,CB,M
STEGE,DK,54.983333,12.283333,V,CB,M
STRALSUND,DE,54.316667,13.100000,V,CB,M
HELSINKI,FI,60.166667,24.966667,L,CB,L
PORVOO,FI,60.300000,25.633333,V,RN,L
LOVIISA,FI,60.450000,26.233333,V,CN,M
KOTKA,FI,60.466667,26.966667,L,CB,M
HAMINA,FI,60.566667,27.200000,S,CN,L
VYBORG,RU,60.716667,28.750000,M,CN,M
GAVAN VYSOTSK,RU,60.616667,28.566667,S,LC,M
PRIMORSK,RU,60.366667,28.633333,V,OR,M
SANKT-PETERBURG,RU,59.933333,30.300000,L,CB,M
PUERTO DEL CALLAO,PE,-12.050000,-77.150000,M,CB,L
BAHIA DE ANCON,PE,-11.750000,-77.183333,V,OR,M
CHANCAY,PE,-11.583333,-77.250000,V,OR,
PUERTO DE HUACHO,PE,-11.116667,-77.616667,V,OR,
PUERTO SUPE,PE,-10.800000,-77.750000,V,OR,L
PUNTA LOBITOS (BAHIA DE HUARMEY),PE,-10.100000,-78.166667,V,OR,
PUERTO DE CHIMBOTE,PE,-9.083333,-78.616667,V,CN,L
SALAVERRY,PE,-8.233333,-78.983333,V,CB,L
PIMENTAL,PE,-6.833333,-79.933333,V,OR,M
MIKINDANI,TZ,-10.266667,40.133333,V,CN,
MTWARA,TZ,-10.266667,40.200000,V,CB,L
DAR ES SALAAM,TZ,-6.816667,39.300000,M,CN,L
CHAKE CHAKE,TZ,-5.250000,39.766667,S,CN,M
MOMBASA,KE,-4.066667,39.666667,M,CT,M
KILIFI,KE,-3.633333,39.866667,V,OR,M
MALINDI,KE,-3.216667,40.133333,S,CN,M
MARKA,SO,1.716667,44.783333,V,OR,
MUQDISHO,SO,2.033333,45.350000,L,CB,L
FOMBONI,KM,-12.266667,43.750000,V,OR,M
MOUTSAMOUDU,KM,-12.150000,44.400000,V,OR,M
MAHAJANGA,MG,-15.716667,46.300000,V,CN,L
SALDANHA BAY,ZA,-33.033333,17.966667,M,CB,L
CAPE TOWN,ZA,-33.916667,18.416667,L,CB,L
OKRIKA,NG,4.716667,7.083333,V,RN,L
PORT HARCOURT,NG,4.766667,7.000000,V,RN,L
ANTAN OIL TERMINAL,NG,4.216667,8.333333,S,OR,L
CALABAR,NG,4.966667,8.316667,V,RN,L
UIG,GB,57.583333,-6.350000,V,CN,
LOCHMADDY,GB,57.600000,-7.166667,V,CN,M
CASTLE BAY,GB,56.950000,-7.483333,V,CN,
LOCHBOISDALE,GB,57.150000,-7.300000,V,CN,M
STORNOWAY HARBOR,GB,58.183333,-6.366667,V,CN,M
TARBERT,GB,57.900000,-6.816667,V,CN,M
MACDUFF,GB,57.666667,-2.500000,V,CB,M
SEAHAM,GB,54.833333,-1.316667,S,CT,M
SUNDERLAND,GB,54.916667,-1.366667,M,RT,L
TYNEMOUTH,GB,55.000000,-1.400000,M,RT,L
BLYTH,GB,55.116667,-1.500000,M,RN,M
SYDNEY,AU,-33.866667,151.200000,L,CN,L
BOTANY BAY,AU,-34.000000,151.233333,S,CN,L
PORT KEMBLA,AU,-34.483333,150.916667,M,CB,L
JERVIS BAY,AU,-35.116667,150.800000,V,CN,
BATEMANS BAY,AU,-35.700000,150.166667,V,CN,
EDEN,AU,-37.066667,149.916667,V,CB,M
WELSHPOOL,AU,-38.700000,146.466667,V,CN,M
WESTERN PORT,AU,-38.350000,145.233333,V,CN,L
MELBOURNE,AU,-37.833333,144.966667,L,CN,M
GEELONG,AU,-38.150000,144.366667,M,CN,L
WARRNAMBOOL,AU,-38.400000,142.483333,V,CB,
PORTLAND,AU,-38.333333,141.600000,S,CB,M
KINGSCOTE,AU,-35.633333,137.633333,V,CB,
PORT ADELAIDE,AU,-34.850000,138.500000,M,RN,M
ARDROSSAN,AU,-34.433333,137.916667,V,OR,M
PORT GILES,AU,-35.033333,137.766667,V,OR,M
WALLAROO,AU,-33.933333,137.616667,V,OR,M
PORT PIRIE,AU,-33.183333,138.016667,S,RN,M
FAKFAK,ID,-2.933333,132.283333,V,CN,M
AMAMAPARE,ID,-4.816667,136.966667,S,CN,L
MERAUKE,ID,-8.483333,140.383333,V,RN,M
DARU,PG,-9.066667,143.200000,V,OR,
PORT MORESBY,PG,-9.466667,147.133333,S,OR,M
ALOTOA,PG,-10.316667,150.450000,V,CN,M
SAMARAI,PG,-10.616667,150.666667,V,CN,
SULOGA HARBOR,PG,-9.216667,152.766667,V,CN,
DISCOVERY BAY,PG,-10.416667,150.416667,V,CN,
ORO BAY,PG,-8.883333,148.483333,V,CN,M
LAE,PG,-6.733333,147.000000,V,OR,M
MADANG,PG,-5.216667,145.816667,V,CN,M
CASTELLAMMARE DI STABIA,IT,40.700000,14.483333,V,CB,M
SALERNO,IT,40.666667,14.750000,S,CB,M
VIBO VALENTIA MARINA,IT,38.716667,16.133333,V,CB,M
REGGIO DI CALABRIA,IT,38.116667,15.650000,S,CB,M
MESSINA,IT,38.200000,15.566667,S,CB,L
MILAZZO,IT,38.216667,15.250000,M,OR,M
GIOIA TAURO,IT,38.416667,15.900000,S,LC,M
PORTO DI PALERMO,IT,38.133333,13.366667,S,CB,L
TRAPANI,IT,38.016667,12.500000,V,CB,M
MARSALA,IT,37.783333,12.433333,S,CB,M
MAZARA DEL VALLO,IT,37.650000,12.583333,V,CT,M
ARDRISHAIG,GB,56.016667,-5.450000,V,CN,M
ROTHESAY HARBOR,GB,55.833333,-5.050000,V,CB,
GREENOCK,GB,55.950000,-4.750000,M,CN,L
FINNART OIL TERMINAL,GB,56.116667,-4.833333,S,RN,L
BOWLING,GB,55.933333,-4.483333,V,RN,M
OLD KILPATRICK,GB,55.916667,-4.466667,V,RN,
ROTHESAY DOCK,GB,55.900000,-4.400000,V,RN,
RENFREW,GB,55.883333,-4.383333,V,RB,M
GLASGOW,GB,55.866667,-4.283333,M,RT,L
LARGS,GB,55.800000,-4.866667,V,CN,M
HUNTERSTON,GB,55.750000,-4.883333,V,OR,L
MILLPORT,GB,55.750000,-4.916667,S,CN,
ARDROSSAN,GB,55.650000,-4.816667,S,CB,M
TROON,GB,55.550000,-4.683333,V,CB,M
AYR,GB,55.466667,-4.633333,V,RB,M
STRANRAER,GB,54.900000,-5.033333,V,RB,M
DOUGLAS,IM,54.150000,-4.466667,S,CB,M
RAMSEY,IM,54.316667,-4.366667,S,CB,
ARDGLASS,GB,54.266667,-5.616667,V,CN,M
MARUGAME KO,JP,34.300000,133.783333,V,CB,L
UBE KO,JP,33.933333,131.233333,M,CB,L
URAGA KO,JP,35.233333,139.716667,V,CN,M
TAGONOURA KO,JP,35.133333,138.700000,M,RB,L
SHIMODA KO,JP,34.666667,138.950000,V,CB,
OMAEZAKI KO,JP,34.600000,138.233333,S,CB,M
SHIMIZU KO,JP,35.016667,138.500000,S,CN,L
KINUURA KO,JP,34.850000,136.950000,S,RN,L
GAMAGORI KO,JP,34.816667,137.216667,S,OR,L
NAGOYA KO,JP,35.066667,136.866667,L,CB,L
YOKKAICHI,JP,34.966667,136.633333,M,CB,L
MATSUSAKA,JP,34.600000,136.566667,S,CN,
TOBA,JP,34.483333,136.850000,S,CN,
OWASE KO,JP,34.066667,136.216667,V,CN,L
TANABE KO,JP,33.716667,135.366667,V,CN,M
WAKAYAMA-SHIMOTSU KO,JP,34.200000,135.133333,L,CB,L
SAKAI-SENBOKU,JP,34.550000,135.433333,M,CB,M
AMAGASAKI,JP,34.700000,135.383333,S,CT,M
KOBE,JP,34.650000,135.183333,L,OR,L
PUERTO BAYOVAR,PE,-5.833333,-81.050000,V,OR,L
CORONEL,CL,-37.033333,-73.166667,S,CN,L
PUERTO BELGRANO,AR,-38.883333,-62.100000,S,CB,L
BAHIA BLANCA,AR,-38.783333,-62.266667,V,CN,L
PUERTO INGENIERO WHITE,AR,-38.800000,-62.266667,S,CN,L
PUERTO NACIONAL,AR,-38.800000,-62.283333,V,CN,
PUERTO GALVAN,AR,-38.783333,-62.300000,V,CN,L
SAN BLAS,AR,-40.566667,-62.233333,V,CN,
PUERTO MADRYN,AR,-42.766667,-65.033333,S,CN,L
PUERTO SAN JULIAN,AR,-49.316667,-67.700000,V,CN,M
PUERTO SANTA CRUZ,AR,-50.016667,-68.516667,V,RN,L
PUERTO GALLEGOS,AR,-51.616667,-68.966667,V,RN,L
USHUAIA,AR,-54.816667,-68.300000,S,CN,M
PRINCE OLAV HARBOR,GS,-54.033333,-37.150000,V,CN,
STROMNESS HARBOR,GS,-54.150000,-36.700000,V,CN,
PUERTO SARA,CL,-52.633333,-70.200000,V,CN,L
CALETA CLARENCIA,CL,-52.900000,-70.100000,V,CN,L
PORT SAN JUAN DE LA JUAN,CL,-53.633333,-70.916667,V,CN,
BAHIA HARRIS,CL,-53.850000,-70.450000,V,CN,
CALETA MINA ELENA,CL,-52.683333,-71.900000,V,CN,
GRAND HAVEN,US,43.066667,-86.233333,S,RN,M
HOLLAND,US,42.783333,-86.133333,S,RN,M
SAUGATUCK,US,42.666667,-86.200000,V,RN,M
SOUTH HAVEN,US,42.400000,-86.283333,V,RN,M
ST JOSEPH,US,42.116667,-86.483333,S,RN,M
MICHIGAN CITY,US,41.733333,-86.900000,S,CB,M
GARY,US,41.616667,-87.333333,M,CB,L
BUFFINGTON,US,41.633333,-87.416667,M,CB,L
INDIANA HARBOR,US,41.666667,-87.433333,M,CB,L
CALUMET HARBOR,US,41.733333,-87.516667,M,CB,L
WARKWORTH HARBOUR,GB,55.333333,-1.583333,V,RN,
BERWICK-UPON-TWEED,GB,55.766667,-2.000000,V,RT,M
EYEMOUTH,GB,55.866667,-2.083333,V,RN,
DUNBAR,GB,56.000000,-2.516667,V,CB,M
LEITH,GB,55.983333,-3.183333,M,RT,M
GRANTON,GB,55.983333,-3.216667,V,CB,M
BRAEFOOT BAY TERMINAL,GB,56.033333,-3.316667,S,OR,M
HOUND POINT TERMINAL,GB,56.000000,-3.366667,S,OR,L
ROSYTH,GB,56.016667,-3.433333,S,RT,M
GRANGEMOUTH,GB,56.016667,-3.716667,S,RT,M
BURNTISLAND,GB,56.050000,-3.233333,S,CT,M
METHIL,GB,56.183333,-3.000000,S,CT,M
DUNDEE,GB,56.466667,-2.950000,L,RB,L
PERTH,GB,56.400000,-3.450000,S,RB,M
MONTROSE,GB,56.700000,-2.466667,V,RN,L
ABERDEEN,GB,57.150000,-2.083333,M,RB,L
PETERHEAD,GB,57.500000,-1.783333,M,CB,L
FRASERBURGH HARBOR,GB,57.683333,-2.000000,S,CB,M
TEESPORT,GB,54.650000,-1.133333,L,RT,M
HARTLEPOOL,GB,54.700000,-1.183333,S,CT,L
DORDRECHT,NL,51.816667,4.650000,M,RN,L
VLISSINGEN,NL,51.450000,3.600000,M,RN,M
TERNEUZEN,NL,51.350000,3.816667,M,RT,M
ANTWERPEN,BE,51.216667,4.400000,L,RT,M
BRUXELLES,BE,50.866667,4.350000,S,RT,M
GHENT,BE,51.066667,3.733333,M,LC,L
ZEEBRUGGE,BE,51.333333,3.200000,M,CB,L
BRUGES,BE,51.233333,3.216667,V,LC,M
OOSTENDE,BE,51.233333,2.916667,S,RT,M
NIEUWPOORT,BE,51.133333,2.750000,V,LC,M
WONSAN,KP,39.166667,127.450000,S,CN,L
HUNGNAM,KP,39.833333,127.616667,S,CB,M
CH'AHO,KP,40.200000,128.650000,V,CB,
CH'ONGJIN,KP,41.766667,129.816667,S,CN,
POS'YET,RU,42.650000,130.800000,V,CN,M
VLADIVOSTOK,RU,43.116667,131.900000,L,CN,L
BUKHTA GAYDAMAK,RU,42.866667,132.683333,V,CN,
NAKHODKA,RU,42.800000,132.883333,S,CN,M
SOVETSKAYA GAVAN,RU,48.966667,140.283333,S,CN,M
BUKHTA VANINO,RU,49.083333,140.283333,V,CN,M
PORTO EMPEDOCLE,IT,37.283333,13.533333,V,CB,L
LICATA,IT,37.100000,13.933333,V,CB,M
GELA,IT,37.066667,14.250000,V,CB,M
POZZALLO,IT,36.716667,14.850000,V,OR,L
SIRACUSA,IT,37.050000,15.283333,L,CB,L
AUGUSTA,IT,37.216667,15.233333,S,CB,M
CATANIA,IT,37.500000,15.100000,S,CB,M
LIPARI,IT,38.483333,14.966667,V,CN,
VALLETTA HARBORS,MT,35.900000,14.516667,M,CN,M
MARSAXLOKK,MT,35.816667,14.550000,S,CN,M
CROTONE,IT,39.083333,17.133333,S,CB,M
TARANTO,IT,40.466667,17.200000,L,CB,L
GALLIPOLI,IT,40.050000,17.983333,M,CB,M
OTRANTO,IT,40.150000,18.500000,V,CB,M
MONOPOLI,IT,40.950000,17.300000,S,CB,M
BARI,IT,41.133333,16.866667,M,CB,M
PORTO DI ORISTANO,IT,39.866667,8.550000,S,CN,L
PORTO TORRES,IT,40.833333,8.400000,S,CB,M
SAN REMO,IT,43.816667,7.783333,V,CT,M
IMPERIA,IT,43.883333,8.033333,S,CB,M
RADA DI VADO,IT,44.266667,8.433333,M,OR,M
SAVONA,IT,44.316667,8.500000,S,CB,M
GENOVA,IT,44.400000,8.933333,L,CB,M
LA SPEZIA,IT,44.100000,9.833333,M,CB,L
MARINA DI CARRARA,IT,44.033333,10.033333,V,CB,
LIVORNO,IT,43.550000,10.316667,S,CB,L
VADA,IT,43.350000,10.450000,V,OR,M
VANIMO,PG,-2.683333,141.133333,S,CN,M
THURSDAY ISLAND,AU,-10.583333,142.216667,S,CN,M
CAIRNS,AU,-16.916667,145.783333,S,RN,M
MOURILYAN HARBOUR,AU,-17.600000,146.133333,S,CN,M
LUCINDA,AU,-18.516667,146.333333,V,OR,M
TOWNSVILLE,AU,-19.266667,146.816667,S,CB,L
MACKAY,AU,-21.116667,149.216667,S,CB,M
HAY POINT,AU,-21.283333,149.300000,S,OR,M
PORT ALMA,AU,-23.583333,150.850000,V,RN,L
GLADSTONE,AU,-23.850000,151.250000,S,RN,M
BUNDABERG,AU,-24.866667,152.350000,V,RN,M
BRISBANE,AU,-27.466667,153.033333,L,RN,L
HIMEJI,JP,34.750000,134.633333,M,CB,L
AIOI,JP,34.783333,134.466667,V,CN,L
KAKOGAWA,JP,34.700000,134.833333,V,CB,M
UNO KO,JP,34.483333,133.950000,V,CN,L
HIBI KO,JP,34.450000,133.933333,V,CN,L
MIZUSHIMA KO,JP,34.500000,133.750000,M,CN,L
ONOMICHI-ITOZAKI,JP,34.383333,133.166667,L,CN,L
KURE,JP,34.233333,132.550000,M,CN,L
KANOKAWA KO,JP,34.183333,132.433333,V,CN,L
IWAKUNI KO,JP,34.183333,132.250000,M,OR,L
KUDAMATSU,JP,34.000000,131.866667,S,CN,M
TOKUYAMA,JP,34.033333,131.816667,M,OR,L
YOKOSUKA KO,JP,35.283333,139.666667,M,CN,L
ALEKSANDROVSK -SAKHALINSKIY,RU,50.900000,142.133333,S,OR,M
LAZAREV,RU,52.216667,141.516667,V,OR,M
MOSKAL VO,RU,53.583333,142.500000,V,CN,M
MAINTIRANO,MG,-18.066667,44.016667,V,OR,
TOLANARO,MG,-25.033333,47.000000,V,OR,L
MANAKARA,MG,-22.116667,48.050000,V,OR,
MAROANTSETRA,MG,-15.450000,49.816667,V,OR,
IHARANA,MG,-13.350000,50.000000,V,CN,M
PORT EST,RE,-20.933333,55.316667,S,CB,L
SAINT-PIERRE,RE,-21.350000,55.466667,V,OR,
DIEGO GARCIA,IO,-7.350000,72.466667,V,CB,
BERBERA,SO,10.450000,45.016667,S,CB,M
DJIBOUTI,DJ,11.600000,43.133333,S,CN,M
ASSAB,ER,13.000000,42.750000,S,CN,M
MITSIWA HARBOR,ER,15.616667,39.466667,S,CB,L
PORT SUDAN,SD,19.600000,37.233333,M,CB,L
AL QUSAYR,EG,26.100000,34.283333,V,OR,
BUR SAFAGA,EG,26.733333,33.950000,S,CB,L
ZEIT BAY TERMINAL,EG,27.833333,33.600000,S,OR,M
WARREN POINT,GB,54.100000,-6.250000,V,CN,M
WISBECH,GB,52.666667,0.150000,S,LC,M
EEMSHAVEN,NL,53.450000,6.833333,S,RB,M
HANSWEERT,NL,51.450000,4.000000,V,CT,M
BUSUM,DE,54.133333,8.866667,V,CN,M
BUTZFLETH,DE,53.650000,9.516667,S,OR,M
ITZEHOE,DE,53.916667,9.516667,V,RN,M
NEUHAUS,DE,53.800000,9.033333,V,RN,M
ORTH,DE,54.450000,11.050000,V,CB,M
LEMVIG,DK,56.583333,8.283333,V,CB,M
SKAERBAEK,DK,55.516667,9.616667,V,OR,M
HOLSTEBRO-STUER,DK,56.500000,8.583333,S,CB,M
THISTED,DK,56.950000,8.700000,V,CB,M
POLICE,PL,53.566667,14.566667,S,CN,M
LIELUPE,LV,57.000000,23.433333,V,RN,M
SALACGRIVA,LV,57.700000,24.366667,V,RN,M
BUTINGE OIL TERMINAL,LT,56.033333,20.950000,V,OR,L
HUNDESTED,DK,55.966667,11.850000,V,CB,M
FUSHIKI-TOYAMA,JP,36.766667,137.133333,S,CB,L
KINGSTOWN,VC,13.150000,-61.233333,S,CN,L
ST GEORGE'S,GD,12.050000,-61.750000,S,CN,L
GALEOTA POINT TERMINAL,TT,10.133333,-60.983333,S,OR,L
FUKUI KO,JP,36.183333,136.100000,M,RN,L
PORT OF SPAIN,TT,10.650000,-61.516667,M,CN,L
POINTE A PIERRE,TT,10.316667,-61.466667,S,OR,L
IBIZA,ES,38.900000,1.450000,V,CB,M
KRALENDIJK,BQ,12.150000,-68.283333,V,OR,L
HORTA,PT,38.533333,-28.633333,S,CB,M
HIGASHI-HARIMA,JP,34.700000,134.833333,M,CB,L
OSAKA,JP,34.650000,135.433333,L,CB,L
SAKAIDE KO,JP,34.333333,133.850000,V,CN,L
SINT NICOLAAS BAAI,AW,12.433333,-69.916667,S,CB,L
CUMANA (PUERTO SUCRE),VE,10.466667,-64.183333,V,OR,M
ST JOHN'S,CA,47.566667,-52.700000,S,CN,L
KEFLAVIK,IS,64.000000,-22.550000,V,OR,
HAFNARFJORDUR,IS,64.066667,-21.950000,V,CN,L
REYKJAVIK,IS,64.150000,-21.933333,M,CB,L
BILDUDALUR,IS,65.683333,-23.600000,V,CN,
SIGLUFJORHURD,IS,66.150000,-18.916667,V,CN,
KIMCH'AEK,KP,40.666667,129.200000,V,OR,M
NAJIN,KP,42.233333,130.300000,S,RB,
SENBONG,KP,42.333333,130.400000,S,CN,L
PAAMUIT (FREDERIKSHAB),GL,62.000000,-49.666667,S,CN,M
KARAIKAL PORT,IN,10.833333,79.866667,S,CB,L
PYEONGTAEK HANG,KR,37.000000,126.800000,M,RN,L
ATTU,GL,67.950000,-53.733333,V,CN,M
JINZHOU WAN,CN,40.750000,121.100000,V,OR,M
QINHUANGDAO,CN,39.933333,119.616667,M,CB,M
ILLULISSAT (JAKOBSHAVN),GL,69.216667,-51.100000,S,CN,M
PENZANCE,GB,50.116667,-5.533333,S,CT,M
SHANGHAI,CN,31.216667,121.500000,L,RN,M
MEVAGISSEY,GB,50.266667,-4.783333,V,CB,M
PONTA DELGADA,PT,37.733333,-25.666667,S,CB,M
VILA DO PORTO,PT,36.933333,-25.150000,V,CN,L
MALONG MARINE TERMINAL,MY,4.633333,104.816667,V,OR,L
SUNGAIGERONG,ID,-2.983333,104.833333,V,RN,M
BLANGLANCANG,ID,5.233333,97.100000,S,TH,M
POLENG OIL FIELD,ID,-6.650000,112.916667,V,OR,
PULAU BAAI,ID,-3.916667,102.283333,V,OR,M
RAMBA,ID,-2.616667,104.133333,V,OR,M
PORT DE BECANCOUR,CA,46.400000,-72.383333,V,RN,M
KUALA BELAIT,BN,4.633333,114.200000,V,CN,
PELABUHAN SUNGAI UDANG,MY,2.250000,102.133333,V,OR,M
COMODORO RIVADAVIA,AR,-45.866667,-67.466667,V,CB,L
PUERTO DESEADO,AR,-47.750000,-65.900000,V,RN,L
RIO GRANDE,AR,-53.783333,-67.683333,V,RN,
STANLEY,FK,-51.700000,-57.833333,M,CN,M
GRYTVIKEN,GS,-54.266667,-36.500000,V,CN,
PUNTA DELGADA,CL,-52.466667,-69.550000,V,OR,
RADA PUNTA ARENAS,CL,-53.166667,-70.900000,S,OR,L
BAHIA AGUA FRESCA,CL,-53.383333,-70.966667,V,CN,
PUERTO YARTOU,CL,-53.883333,-70.150000,V,CN,
ENITWETAK ISLAND,MH,11.333333,162.333333,V,OR,
KWAJALEIN,MH,8.716667,167.733333,V,OR,M
POHNPEI HARBOR,FM,6.983333,158.200000,S,CN,M
MOEN,FM,7.433333,151.833333,V,OR,
KAVIENG HARBOR,PG,-2.583333,150.800000,S,CN,M
RABAUL,PG,-4.200000,152.183333,S,CN,M
RINGGI COVE,SB,-8.116667,157.100000,S,CN,M
PUERTO LA CRUZ,VE,10.250000,-64.633333,L,OR,L
JOSE TERMINAL,VE,10.100000,-64.850000,V,OR,L
CATIA LA MAR,VE,10.600000,-67.016667,V,CN,M
PUERTO BORBURATA,VE,10.483333,-67.983333,V,CN,L
PUERTO CHICHIRIVICHE,VE,10.916667,-68.266667,V,CN,M
BAYONNE,FR,43.500000,-1.466667,M,RN,L
TOULON,FR,43.100000,5.916667,L,CB,L
PORTO VECCHIO,FR,41.583333,9.283333,V,CN,
LAS PIEDRAS,VE,11.700000,-70.216667,S,OR,M
FUKUYAMA,JP,34.433333,133.433333,M,CN,L
VITINO,RU,67.083333,32.316667,V,CN,L
TABARKA,TN,36.966667,8.766667,V,CB,
ABU KHAMMASH,LY,33.066667,11.816667,V,CN,
RAS AL MISHAB,SA,28.116667,48.633333,S,OR,L
RAS AL KHAFJI,SA,28.433333,48.583333,S,OR,L
ISLAS HORMIGAS,ES,37.650000,-0.650000,,,
LAS HORMIGAS,ES,41.866667,3.183333,,,
FORT WILLIAM,GB,56.816667,-5.116667,V,RB,M
GLENSANDA,GB,56.566667,-5.533333,V,RN,L
LOCHALINE,GB,56.550000,-5.766667,V,RB,M
LAGOS,PT,37.100000,-8.616667,,,
KHALIFA BIN SALMAN,BH,26.250000,50.750000,M,CB,L
SUIZHANG GANG,CN,40.066667,121.050000,V,OR,L
BODRUM,TR,37.033333,27.433333,V,CN,L
LAMU,KE,-2.266667,40.900000,S,CN,
GWANGYANG HANG,KR,34.850000,127.800000,M,CN,L
ISHIKARI BAY NEW PORT,JP,43.216667,141.283333,M,CB,L
SAPANGAR BAY,MY,6.083333,116.116667,S,CN,
SILLAMAE,EE,59.400000,27.050000,M,CB,L
PORT LANGKAWI,MY,6.433333,99.766667,V,OR,M
QASIGIANNGUIT-CHRISTIANSHAB,GL,68.816667,-51.183333,V,CN,M
FOWEY HARBOUR,GB,50.333333,-4.633333,S,RN,M
PITUFFIK (THULE AIR BASE),GL,76.533333,-68.866667,V,CN,L
PLYMOUTH,GB,50.366667,-4.150000,M,CN,M
BRIXHAM HARBOUR,GB,50.400000,-3.516667,V,CB,M
HAUGESUND,NO,59.416667,5.266667,S,CN,M
KOPERVIK,NO,59.283333,5.316667,V,OR,
KARSTO,NO,59.266667,5.516667,M,OR,L
ESPEVAER,NO,59.583333,5.150000,V,CN,M
SAUDA,NO,59.650000,6.350000,V,CN,M
AKRAHAMN,NO,59.266667,5.183333,V,CB,M
SANDNES,NO,58.850000,5.750000,V,RB,
STAVANGER,NO,58.966667,5.750000,M,CB,L
SKUDENESHAVN,NO,59.150000,5.266667,V,CB,M
TANANGER,NO,58.933333,5.583333,V,CB,M
EGERSUND,NO,58.450000,6.000000,V,RN,M
REKEFJORD,NO,58.333333,6.266667,V,RN,M
KIRKEHAMN,NO,58.233333,6.533333,V,CB,M
FLEKKEFJORDEN,NO,58.300000,6.666667,S,RB,M
FARSUND,NO,58.083333,6.816667,V,CN,M
STUSVIK,NO,58.000000,7.033333,V,CB,M
MANDAL,NO,58.016667,7.466667,V,RN,M
KRISTIANSAND,NO,58.150000,8.000000,S,CN,L
ARENDAL,NO,58.466667,8.766667,S,CB,M
TVEDESTRAND,NO,58.616667,8.933333,S,RB,M
RISOR,NO,58.716667,9.233333,V,CN,M
KRAGERO,NO,58.866667,9.416667,V,CB,L
BREVIK,NO,59.066667,9.700000,S,CN,M
PORSGRUNN,NO,59.150000,9.666667,S,RN,L
SKIEN,NO,59.200000,9.600000,S,RN,M
LARVIK,NO,59.050000,10.033333,S,CB,M
SANDEFJORDEN,NO,59.116667,10.233333,S,RB,L
TONSBERG,NO,59.283333,10.416667,V,LC,L
VALLOY,NO,59.266667,10.500000,V,OR,
NOUMEA,NC,-22.283333,166.433333,S,CN,M
BAIE UGUE,NC,-21.150000,165.550000,V,OR,L
M'BYA OIL TERMINAL,GA,-3.883333,10.933333,V,OR,L
PORTO AMBOIM,AO,-10.733333,13.750000,V,OR,
SUMBE,AO,-11.200000,13.833333,V,OR,
JAMESTOWN,SH,-15.916667,-5.716667,V,OR,L
EDINBURGH OF THE SEVEN SEAS,SH,-37.050000,-12.300000,V,OR,M
PELABUHAN BASS,MY,6.316667,99.833333,V,CN,M
PULAU PINANG,MY,5.416667,100.350000,M,CN,L
SERANGOON HARBOR,SG,1.400000,103.950000,V,CN,M
DRY SPRUCE BAY,US,57.933333,-153.033333,V,CN,
PORT VITA,US,58.066667,-153.066667,V,CN,
BEAR ISLAND,US,58.450000,-152.683333,V,CN,
HOGG ISLAND,US,58.466667,-152.683333,V,CN,
PORT WILLIAM,US,58.483333,-152.583333,V,CN,
KANATAK,US,57.566667,-156.033333,V,OR,
CHIGNIK,US,56.300000,-158.400000,V,CN,
IVANOF BAY,US,55.800000,-159.466667,V,CN,
SAND POINT,US,55.333333,-160.533333,V,CN,
BARALOF BAY,US,55.233333,-160.533333,V,CN,
BELKOFSKI,US,55.083333,-162.033333,V,OR,
KING COVE,US,55.050000,-162.316667,V,CN,
COLD BAY,US,55.200000,-162.700000,V,CN,
SANAK,US,54.483333,-162.816667,V,OR,
CANNERY BAY,US,53.700000,-166.750000,V,CN,
MAKUSHIN,US,53.766667,-166.983333,V,OR,
DUTCH HARBOR,US,53.900000,-166.533333,S,CN,
UNALASKA,US,53.866667,-166.533333,V,CN,
PALISADES POINT,US,52.233333,-174.166667,V,CN,
CONSTANTINE HARBOR,US,51.400000,179.300000,V,CN,
KISKA,US,51.966667,177.550000,V,CN,
ALCAN HARBOR,US,52.733333,174.066667,V,CN,
WHITTIER,US,60.833333,-148.666667,V,CN,
CRAB BAY,US,60.066667,-148.000000,V,CN,
PORT ASHTON,US,60.066667,-148.050000,V,CN,
SKOOT COVE,US,52.716667,174.066667,V,CN,
KETCHIKAN,US,55.333333,-131.650000,S,CN,L
WARD COVE,US,55.400000,-131.733333,V,CN,
KNUDSON COVE,US,55.466667,-131.800000,V,OR,
LORING,US,55.600000,-131.633333,V,CN,
YES BAY,US,55.916667,-131.800000,V,CN,
UNION BAY,US,55.766667,-132.216667,V,CN,
BURNETT INLET,US,56.066667,-132.466667,V,CN,
WRANGELL,US,56.466667,-132.383333,S,CN,M
KASAAN,US,55.533333,-132.400000,V,CN,
SLAGENSTANGEN,NO,59.316667,10.516667,V,OR,M
HORTEN,NO,59.416667,10.500000,M,CN,M
HOLMESTRAND,NO,59.483333,10.300000,V,CB,M
SVELVIK,NO,59.616667,10.400000,V,CN,
DRAMMEN,NO,59.733333,10.250000,M,CB,L
STORSTEILENE,NO,59.816667,10.600000,V,CN,
OSLO,NO,59.916667,10.750000,L,CN,L
DROBAK,NO,59.666667,10.650000,V,CB,
MOSTERHAMN,NO,59.700000,5.400000,V,CN,M
SAGVAG,NO,59.766667,5.383333,V,CN,M
LEIRVIK,NO,59.783333,5.500000,V,CN,M
MOSJOEN,NO,65.833333,13.200000,V,RN,M
TJOTTA,NO,65.833333,12.433333,V,CN,M
BRONNOYSUND,NO,65.466667,12.200000,V,CN,M
BERG,NO,65.366667,12.200000,V,CN,
RORVIK,NO,64.866667,11.250000,V,CN,M
SALSBRUKET,NO,64.800000,11.866667,S,CN,M
SANTA CRUZ DE BARAHONA,DO,18.200000,-71.083333,S,CN,L
CABO ROJO,DO,17.916667,-71.650000,V,OR,L
AGUADILLA,PR,18.433333,-67.150000,V,OR,L
ARECIBO,PR,18.483333,-66.700000,V,CB,
SAN JUAN,PR,18.466667,-66.116667,S,OR,L
BAHIA DE FAJARDO,PR,18.333333,-65.633333,V,CB,
ENSENADA HONDA,PR,18.233333,-65.633333,M,CB,L
PLAYA DE HUMACAO,PR,18.166667,-65.750000,V,OR,M
PUERTO YABUCOA,PR,18.050000,-65.833333,V,OR,L
ARROYO,PR,17.966667,-66.066667,S,OR,
BAHIA DE JOBOS,PR,17.950000,-66.183333,V,CB,L
LAS MAREAS,PR,17.950000,-66.166667,V,OR,L
PLAYA DE PONCE,PR,17.983333,-66.616667,M,CB,
PLAYA DE GUAYANILLA,PR,18.016667,-66.766667,M,CB,L
PLAYA DE GUANICA,PR,17.966667,-66.916667,S,OR,L
MAYAGUEZ,PR,18.200000,-67.150000,S,OR,L
CHARLOTTE AMALIE,VI,18.350000,-64.933333,S,OR,L
CRUZ BAY,VI,18.333333,-64.800000,S,CN,
FREDERIKSTED,VI,17.716667,-64.883333,S,OR,L
LIMETREE BAY,VI,17.700000,-64.750000,V,OR,L
CHRISTIANSTED,VI,17.750000,-64.700000,V,CN,M
ROAD HARBOR,VG,18.416667,-64.616667,M,CN,L
BAIE DU MARIGOT,FR,18.066667,-63.083333,V,OR,M
GUSTAVIA,GP,17.900000,-62.850000,V,CN,M
ROSE INLET,US,54.950000,-132.966667,V,CN,
HYDABURG,US,55.200000,-132.833333,V,CN,
WATERFALL,US,55.300000,-133.233333,V,OR,
CRAIG,US,55.466667,-133.150000,V,CN,
KLAWOCK,US,55.550000,-133.100000,V,CN,
STEAMBOAT BAY,US,55.533333,-133.633333,V,CN,
FISHERMANS HARBOR,US,55.966667,-133.800000,V,CN,
PETERSBURG,US,56.816667,-132.950000,S,CN,M
KAKE,US,56.966667,-133.933333,V,OR,
WASHINGTON BAY,US,56.733333,-134.350000,V,CN,
BAY OF PILLARS,US,56.600000,-134.233333,V,CN,
BIG PORT WALTER,US,56.383333,-134.733333,V,CN,
LITTLE PORT WALTER,US,56.383333,-134.633333,V,CN,
PORT ARMSTRONG,US,56.300000,-134.666667,V,CN,
PORT CONCLUSION,US,56.250000,-134.683333,V,CN,
PORT ALEXANDER,US,56.250000,-134.650000,V,CN,
SITKA,US,57.050000,-135.333333,S,CN,
KIMSHAN COVE,US,57.683333,-136.116667,V,CN,
PELICAN,US,57.966667,-136.233333,V,CN,
PORT SULPHUR,US,29.483333,-89.683333,V,RN,L
GRETNA,US,29.916667,-90.066667,V,RN,M
NEW ORLEANS,US,29.950000,-90.050000,L,RN,L
PORT OF MEMPHIS,US,35.066667,-90.166667,S,RN,M
ST ROSE,US,29.950000,-90.316667,V,RN,L
RESERVE,US,30.050000,-90.550000,V,RN,L
DESTREHAN,US,29.950000,-90.366667,V,RN,L
BATON ROUGE,US,30.450000,-91.183333,S,RN,L
LOOP TERMINAL,US,28.883333,-90.016667,L,OR,L
GRAND ISLE,US,29.233333,-90.000000,V,CN,M
MORGAN CITY,US,29.700000,-91.216667,V,RN,L
HAYMARK TERMINAL,US,30.133333,-93.316667,V,RN,M
LAKE CHARLES,US,30.216667,-93.250000,S,RN,L
SABINE,US,29.716667,-93.866667,V,CN,L
SABINE PASS,US,29.733333,-93.900000,V,CN,
ORANGE,US,30.083333,-93.733333,V,RN,L
PORT ARTHUR,US,29.833333,-93.966667,M,LC,L
BRUNSWICK,US,31.150000,-81.500000,S,RN,L
FERNANDINA BEACH,US,30.683333,-81.466667,S,RN,M
MAYPORT,US,30.400000,-81.433333,V,RN,L
PAULSBORO,US,39.850000,-75.250000,V,RN,L
GLOUCESTER,US,39.900000,-75.133333,S,RN,M
CAMDEN,US,39.950000,-75.133333,M,RN,L
BURLINGTON,US,40.083333,-74.866667,V,RN,M
BRISTOL,US,40.100000,-74.850000,V,RN,M
TRENTON,US,40.200000,-74.766667,V,RN,M
OCEAN CITY,US,38.333333,-75.083333,V,CN,M
CAPE CHARLES,US,37.266667,-76.016667,V,CN,M
SALISBURY,US,38.366667,-75.600000,V,RN,M
ORANJESTAD,BQ,17.483333,-62.983333,S,OR,L
BASSETERRE,KN,17.300000,-62.716667,V,OR,L
ST JOHNS,AG,17.116667,-61.850000,M,OR,L
MEDIA LUNA,CU,20.150000,-77.433333,V,OR,L
CEIBA HUECA,CU,20.216667,-77.316667,V,OR,M
MANZANILLO,CU,20.350000,-77.116667,V,OR,L
JUCARO,CU,21.616667,-78.850000,V,OR,L
TUNAS DE ZAZA,CU,21.633333,-79.550000,V,OR,M
CASILDA,CU,21.750000,-79.983333,M,CN,L
AKUREYRI,IS,65.683333,-18.083333,V,CN,
SEYDHISFJORDHUR,IS,65.266667,-14.000000,S,CN,
ESKIFJORDHUR,IS,65.066667,-14.016667,V,CN,
HORNABJORDUR,IS,64.250000,-15.233333,V,CN,
NANORTALIK HAVN,GL,60.116667,-45.200000,V,CN,M
NARSAQ,GL,60.916667,-46.050000,V,CN,M
NARSARSSUAQ,GL,61.150000,-45.433333,V,CN,M
GRONNEDAL (KANGILINNGUIT),GL,61.233333,-48.100000,V,CN,M
NUUK,GL,64.183333,-51.750000,S,CN,M
MANIITSOQ,GL,65.416667,-52.916667,V,CN,M
SISIMIUT,GL,66.916667,-53.700000,S,CN,M
AASIAAT,GL,68.700000,-52.866667,S,CN,M
QEQERTARSUAQ,GL,69.233333,-53.533333,S,CN,M
HAVRE DE GRACE,US,39.533333,-76.083333,V,RN,M
BALTIMORE,US,39.266667,-76.583333,L,RN,L
ANNAPOLIS,US,38.983333,-76.483333,V,RN,M
SOLOMONS ISLAND,US,38.316667,-76.450000,V,RN,M
WASHINGTON D.C.,US,38.866667,-77.033333,S,RN,M
ALEXANDRIA,US,38.800000,-77.033333,S,RN,M
PINEY POINT,US,38.133333,-76.533333,V,RN,L
YORKTOWN,US,37.233333,-76.500000,V,RN,L
WEST POINT,US,37.533333,-76.800000,V,RN,M
FREDERICKSBURG,US,38.300000,-77.450000,V,RN,M
NORFOLK,US,36.850000,-76.300000,L,RN,L
PORTSMOUTH,US,36.816667,-76.300000,S,RN,L
NEWPORT NEWS,US,36.966667,-76.433333,M,CN,L
WARWICK,US,37.450000,-77.416667,S,RN,M
RICHMOND,US,37.533333,-77.416667,V,RN,L
ELIZABETH CITY,US,36.300000,-76.216667,V,RN,M
JOHOR,MY,1.433333,103.900000,L,RN,L
NORTH PULAU LAUT COAL TERMINAL,ID,-3.200000,116.283333,V,OR,M
TANAH MERAH,ID,-1.816667,116.166667,V,CN,M
TANJUNG SANGATA,ID,0.366667,117.566667,V,OR,
TANJUNG BALAI KARIMUN,ID,0.983333,103.433333,V,CN,L
KUALA TANJUNG,ID,3.366667,99.483333,V,OR,L
SEKUPANG,ID,1.133333,103.916667,V,OR,M
TANJUNG GEREM,ID,-5.966667,105.983333,V,OR,M
EASTERN PART OF NIIGATA-KO,JP,38.016667,139.233333,S,CB,L
FUNABASHI,JP,35.666667,139.950000,V,CB,
SOMA,JP,37.833333,140.950000,V,CB,
HIKARI,JP,33.950000,131.933333,S,CN,M
HIMEKAWA,JP,37.033333,137.850000,V,CN,L
HIROHATA,JP,34.766667,134.633333,V,CB,
HIBIKINADA,JP,33.933333,130.833333,V,CN,M
MEGA,JP,34.783333,134.700000,V,CB,M
MITSUKOJIMA,JP,34.183333,132.516667,V,CN,M
MATSU-SHIMA,JP,32.933333,129.600000,V,OR,L
NAMIKATA,JP,34.116667,132.900000,V,OR,M
NOSHIRO KO,JP,40.216667,140.000000,V,CN,
SAKAIMINATO,JP,35.533333,133.233333,V,CN,
SHIKAMA,JP,34.766667,134.650000,S,CB,M
TOBATA,JP,33.916667,130.816667,V,CN,M
YANAI,JP,33.950000,132.133333,V,OR,M
KAJALLEQ UPERNAVIK,GL,72.150000,-55.533333,V,CN,
POND INLET,CA,72.750000,-76.750000,M,OR,
PADLOPING ISLAND,CA,67.033333,-62.733333,V,CN,
PANGNIRTUNG,CA,66.133333,-65.750000,V,CN,
AKSAZ LIMANI,TR,36.833333,28.383333,S,CN,L
COCKBURN TOWN,BS,24.050000,-74.533333,V,OR,
ROCKY POINT,JM,17.816667,-77.150000,V,OR,L
PUNTA NIZAO OIL TERMINAL,DO,18.200000,-70.200000,S,OR,L
PUERTO BOTADO,DO,19.200000,-69.450000,V,CN,L
COLES BAY OIL TERMINAL,SX,18.016667,-63.083333,S,OR,
TORQUAY HARBOUR,GB,50.466667,-3.533333,V,CB,M
SKERJAFJORDUR,IS,64.150000,-22.016667,V,CN,L
PORTLAND HARBOUR,GB,50.583333,-2.433333,M,CB,L
GRUNDARTANGI,IS,64.266667,-22.000000,M,CB,L
WEYMOUTH HARBOUR,GB,50.616667,-2.450000,S,CN,M
COWES HARBOUR,GB,50.766667,-1.300000,S,RN,M
YARMOUTH HARBOUR,GB,50.700000,-1.500000,S,CT,
FAWLEY MARINE TERMINAL,GB,50.816667,-1.333333,S,RN,L
PORTSMOUTH HARBOUR,GB,50.800000,-1.100000,M,CT,M
YAHATA,JP,33.866667,130.816667,S,RB,
YURA,JP,33.950000,135.100000,,,
QUEEN CAROLA HARBOR,PG,-5.166667,154.550000,V,CN,M
CHINAE,KR,35.133333,128.650000,S,CN,M
CAPE FLATTERY HARBOR,AU,-14.950000,145.350000,S,OR,M
NOUAKCHOTT,MR,18.033333,-16.033333,S,OR,M
BIALLA,PG,-5.300000,150.983333,V,CN,
PORT OF SOHAR,OM,24.516667,56.633333,S,CB,
UNGA,US,55.183333,-160.500000,V,OR,
AKUTAN HARBOR,US,54.133333,-165.800000,V,CN,
ADAK NAVAL AIR STATION,US,51.866667,-176.633333,S,CB,L
PORT CHILKOOT,US,59.233333,-135.433333,V,CN,
ORCA,US,60.583333,-145.716667,V,CN,
AL SHAHEEN TERMINAL,QA,26.583333,52.000000,V,OR,M
AL RAYYAN TERMINAL,QA,26.650000,51.550000,V,OR,M
KEPPEL - (EAST SINGAPORE),SG,1.283333,103.850000,L,CN,L
JURONG ISLAND,SG,1.283333,103.733333,L,CN,L
SAINT-VALERY-SUR-SOMME,FR,50.183333,1.616667,V,CB,M
LE TREPORT,FR,50.066667,1.366667,V,RT,M
DIEPPE,FR,49.933333,1.083333,S,LC,M
PORT DU HAVRE-ANTIFER,FR,49.650000,0.150000,S,CB,L
PORT OF LE HAVRE,FR,49.483333,0.116667,L,RT,L
SATTAHIP,TH,12.616667,100.916667,M,CB,
MATANZAS,CU,23.050000,-81.550000,S,CN,L
PORT OF ROUEN,FR,49.450000,1.066667,L,RN,M
LITTLEHAMPTON HARBOUR,GB,50.783333,-0.533333,V,RN,M
THINGEYRI,IS,65.883333,-23.483333,V,CN,
ISAFJORDUR,IS,66.066667,-23.116667,V,CN,L
SAUDARKROKUR,IS,65.750000,-19.666667,V,CN,
HUSAVIK,IS,66.033333,-17.333333,V,CN,
NAMSOS,NO,64.466667,11.500000,S,CN,M
MALM,NO,64.066667,11.233333,V,RN,M
STEINKJER,NO,64.016667,11.500000,V,CN,M
DJUPVIKEN,NO,63.783333,11.450000,S,CN,M
LEVANGER,NO,63.750000,11.300000,V,RN,
LANGSTEIN,NO,63.533333,10.900000,V,CN,
MURUVIK,NO,63.433333,10.850000,V,CN,M
HOMMELVIK,NO,63.416667,10.800000,V,CN,M
TRONDHEIM,NO,63.433333,10.400000,M,CN,M
THAMSHAMM,NO,63.316667,9.883333,S,CN,L
KRISTIANSUND,NO,63.116667,7.733333,S,CN,M
SUNNDALSORA,NO,62.683333,8.550000,V,RB,M
BUD,NO,62.900000,6.916667,V,CB,M
HAROYSUND,NO,62.900000,6.966667,S,CN,
MOLDE,NO,62.733333,7.166667,S,CN,M
ANDALSNES,NO,62.566667,7.683333,V,CN,
HAREID,NO,62.366667,6.033333,V,CB,
MOLDTUSTRANDA,NO,62.300000,5.650000,V,CN,
ORSTAV,NO,62.200000,6.133333,S,CN,
ALESUND,NO,62.466667,6.166667,S,CB,L
MALOY,NO,61.933333,5.116667,S,CN,M
FLORO,NO,61.600000,5.033333,V,CB,
ARDALSTANGEN,NO,61.233333,7.716667,V,RN,L
MONGSTAD,NO,60.816667,5.033333,M,OR,M
VAKSDAL,NO,60.483333,5.733333,S,RN,M
BERGEN,NO,60.400000,5.316667,M,CN,L
BRATTHOLMEN,NO,60.350000,5.166667,V,CN,M
TRANNESET,NO,60.416667,5.016667,S,CN,L
STRANDVIK,NO,60.166667,5.666667,V,CN,M
NORHEIMSUND,NO,60.366667,6.150000,V,RB,M
ODDA,NO,60.083333,6.550000,V,RB,M
PUERTO PADRE,CU,21.283333,-76.533333,S,CN,L
BAHIA DE SAGUA DE TANAMO,CU,20.683333,-75.333333,L,OR,L
PUERTO GUANTANAMO,CU,19.983333,-75.133333,L,CN,L
DEAUVILLE,FR,49.366667,0.083333,V,LC,M
PORT DE CAEN,FR,49.183333,-0.350000,S,LC,M
OUISTREHAM,FR,49.283333,-0.250000,V,LC,M
ELFIN COVE,US,58.200000,-136.350000,V,CN,
HOONAH,US,58.116667,-135.450000,V,CN,
TENAKEE SPRINGS,US,57.783333,-135.200000,V,CN,
CHATHAM,US,57.516667,-134.933333,V,CN,
TODD,US,57.466667,-135.050000,V,CN,
HOOD BAY,US,57.400000,-134.500000,V,CN,
HAWK INLET,US,58.116667,-134.750000,V,CN,
FUNTER,US,58.250000,-134.900000,V,CN,
DUPONT,US,58.233333,-134.266667,V,CN,
JUNEAU,US,58.300000,-134.416667,S,CN,
HAINES,US,59.233333,-135.433333,V,CN,
TANANI POINT,US,59.283333,-135.450000,V,CN,
SKAGWAY,US,59.450000,-135.333333,V,CN,L
LETNIKOF COVE,US,59.183333,-135.400000,V,CN,
EXCURSION INLET,US,58.416667,-135.450000,V,CN,
YAKUTAT,US,59.550000,-139.733333,V,CN,
KATALLA,US,60.200000,-144.533333,V,OR,
CORDOVA,US,60.550000,-145.766667,S,CN,M
SHEPARD POINT,US,60.633333,-145.666667,V,OR,
SWANPORT,US,61.083333,-146.400000,V,OR,
METLAKATLA,US,55.133333,-131.566667,V,OR,L
GEORGE INLET,US,55.383333,-131.466667,V,CN,
VALDEZ,US,61.116667,-146.250000,V,CN,L
BAMBERTON,CA,48.550000,-123.516667,V,CN,L
VICTORIA HARBOR,CA,48.433333,-123.383333,M,CB,L
ESQUIMALT HARBOR,CA,48.433333,-123.433333,S,CN,L
PORT SAN JUAN,CA,48.550000,-124.433333,V,CN,M
PORT ALBERNI,CA,49.233333,-124.816667,S,RN,L
UCLUELET,CA,48.950000,-125.550000,V,CN,M
CLAYOQUOT,CA,49.150000,-125.916667,V,CN,M
AHOUSAT,CA,49.283333,-126.066667,V,CN,
TAHSIS,CA,49.916667,-126.666667,V,CN,L
MELING,NO,59.783333,5.116667,V,CN,M
HEMNESBERGET,NO,66.233333,13.616667,V,CN,M
HAMMERFEST,NO,70.666667,23.666667,M,CN,M
SORVAER,NO,70.633333,21.983333,V,CN,M
BREDVIK,NO,70.583333,22.133333,V,CN,M
OKSFJORD,NO,70.233333,22.350000,V,CN,M
ALTA,NO,69.966667,23.250000,V,CN,M
TALVIK,NO,70.050000,22.966667,V,CN,M
TROMSO,NO,69.650000,18.966667,M,OR,M
GIBOSTAD,NO,69.350000,18.083333,V,CN,M
FINNSNES,NO,69.233333,17.966667,V,CN,M
MEDBY,NO,68.916667,17.733333,V,CN,M
SJOVEGAN,NO,68.883333,17.833333,V,CN,M
HARSTAD,NO,68.800000,16.550000,M,CN,M
ANDENES,NO,69.333333,16.133333,V,OR,M
SORTLAND,NO,68.700000,15.416667,V,CN,M
CIENFUEGOS,CU,22.150000,-80.450000,L,CN,L
LUCEA,JM,18.450000,-78.166667,V,OR,L
MONTEGO BAY,JM,18.466667,-77.933333,S,CB,L
FALMOUTH,JM,18.483333,-77.650000,V,OR,M
RIO BUENO,JM,18.466667,-77.466667,V,OR,M
OCHO RIOS,JM,18.416667,-77.116667,V,CN,L
PORT ANTONIO,JM,18.183333,-76.450000,S,CN,L
PORT ESQUIVEL,JM,17.883333,-77.133333,V,OR,L
PORT KAISER,JM,17.866667,-77.600000,V,OR,L
SAVANNAH LA MAR,JM,18.200000,-78.133333,V,OR,M
JACMEL,HT,18.233333,-72.533333,V,OR,M
MIRAGOANE,HT,18.450000,-73.083333,V,OR,M
PETIT GOAVE,HT,18.433333,-72.866667,V,OR,M
PORT AU PRINCE,HT,18.550000,-72.350000,M,OR,L
SANTIAGO DE CUBA,CU,20.016667,-75.833333,M,CN,L
PUERTO CABEZAS,NI,14.016667,-83.383333,V,OR,M
PUERTO LIMON,CR,9.983333,-83.016667,V,CB,L
CHIRIQUI GRANDE,PA,8.950000,-82.116667,V,OR,L
BERGH COVE,CA,50.533333,-127.616667,V,CN,M
PORT ALICE,CA,50.383333,-127.450000,S,CN,L
COAL HARBOR,CA,50.600000,-127.583333,V,CN,M
PORT HARDY,CA,50.716667,-127.483333,V,CN,M
SOINTULA,CA,50.633333,-127.016667,V,CN,M
ALERT BAY,CA,50.583333,-126.933333,V,CN,L
PORT MCNEILL,CA,50.583333,-127.083333,V,CN,M
BELLA COOLA,CA,52.366667,-126.800000,V,CN,L
BELLA BELLA,CA,52.166667,-128.150000,V,CN,
KLEMTU,CA,52.600000,-128.516667,V,CN,M
BUTEDALE,CA,53.166667,-128.683333,V,CN,
KEMANO BAY,CA,53.483333,-128.133333,V,RB,M
KITIMAT,CA,54.000000,-128.683333,S,CN,L
PORPOISE HARBOR,CA,54.216667,-130.283333,V,CN,L
PRINCE RUPERT,CA,54.316667,-130.333333,M,CN,L
PORT SIMPSON,CA,54.566667,-130.433333,V,CN,L
STEWART,CA,55.933333,-130.000000,V,CN,L
HERTFORD,US,36.183333,-76.466667,V,RN,M
EDENTON,US,36.050000,-76.616667,V,CN,M
PLYMOUTH,US,35.866667,-76.750000,V,RN,M
COLUMBIA,US,35.916667,-76.250000,V,RN,M
BELHAVEN,US,35.616667,-76.616667,V,RN,M
WASHINGTON,US,35.550000,-77.050000,V,RN,M
BAYBORO,US,35.150000,-76.766667,V,RN,M
NEW BERN,US,35.100000,-77.050000,V,RB,M
BEAUFORT,US,34.716667,-76.666667,V,CN,L
MOREHEAD CITY,US,34.716667,-76.700000,V,CN,L
SWANSBORO,US,34.683333,-77.133333,V,CN,M
WRIGHTSVILLE,US,34.216667,-77.816667,S,CN,M
WILMINGTON,US,34.233333,-77.950000,M,RN,L
SOUTHPORT,US,33.916667,-78.016667,V,RN,M
GEORGETOWN,US,33.366667,-79.283333,V,RN,L
CHARLESTON,US,32.783333,-79.916667,S,RN,L
PORT ROYAL,US,32.366667,-80.683333,V,RN,M
BEAUFORT,US,32.433333,-80.666667,V,RN,L
SAVANNAH,US,32.083333,-81.083333,M,RN,L
DARIEN,US,31.366667,-81.433333,V,RN,M
PHILADELPHIA,US,39.950000,-75.133333,L,RN,L
BROOKLYN,US,40.666667,-74.016667,L,RN,L
NEW YORK CITY,US,40.700000,-74.016667,L,RN,L
PATCHOGUE,US,40.750000,-73.016667,V,RN,L
YONKERS,US,40.933333,-73.900000,S,RN,M
NEWBURGH,US,41.500000,-74.000000,V,RN,L
POUGHKEEPSIE,US,41.700000,-73.950000,V,RN,M
KINGSTON,US,41.933333,-73.966667,S,RN,M
ALMIRANTE,PA,9.300000,-82.400000,V,CN,L
BOCAS DEL TORO,PA,9.333333,-82.233333,V,OR,M
ST GEORGE'S,BM,32.383333,-64.683333,S,CN,L
IRELAND ISLAND,BM,32.316667,-64.833333,M,CB,L
HAMILTON,BM,32.300000,-64.783333,S,CN,L
FREEPORT,BS,26.516667,-78.783333,S,RB,L
SOUTH RIDING POINT,BS,26.616667,-78.216667,V,CN,L
NASSAU,BS,25.083333,-77.350000,M,CN,L
MANATI,CU,21.366667,-76.816667,S,RN,L
GUAYABAL,CU,20.700000,-77.616667,S,OR,L
ANSE TEMBLADORA,TT,10.683333,-61.583333,V,OR,L
EL BOSQUE,CO,10.400000,-75.533333,S,CN,L
PUERTO PRODECO,CO,11.150000,-74.216667,S,OR,L
QALHAT LNG TERMINAL,OM,22.683333,59.400000,V,OR,M
COXEN HOLE,HN,16.316667,-86.550000,V,CN,L
EL BLUFF,NI,12.000000,-83.700000,V,CN,M
ALTAMIRA,MX,22.483333,-97.850000,V,RB,L
TUXPAN,MX,20.950000,-97.400000,M,RN,L
DOS BOCAS TERMINAL,MX,18.433333,-93.216667,V,OR,L
ASHQELON,IL,31.666667,34.500000,V,OR,L
ASHTART OIL TERMINAL,TN,34.283333,11.383333,S,OR,L
ZARZIS,TN,33.500000,11.116667,V,CB,M
DIDON TERMINAL,TN,33.783333,11.900000,S,OR,M
MELILLI OIL TERMINAL,IT,37.116667,15.250000,V,OR,L
TONGHAE,KR,37.533333,129.150000,V,CB,M
NINGBO,CN,29.883333,121.550000,S,RN,L
PORT METHANIER,DZ,36.883333,6.950000,S,CB,M
M BAO OIL TERMINAL,SN,14.716667,-17.400000,V,OR,M
LYNDIANE,SN,14.166667,-16.166667,V,RN,M
FORCADOS OIL TERMINAL,NG,5.166667,5.183333,V,OR,L
MOUDI MARINE TERMINAL,CM,4.116667,8.483333,V,OR,M
EBOME MARINE TERMINAL,CM,2.800000,9.816667,V,OR,M
CATSKILL,US,42.216667,-73.850000,V,RN,M
ALBANY,US,42.650000,-73.750000,M,RN,L
RENSSELAER,US,42.650000,-73.750000,V,RN,M
TROY,US,42.733333,-73.700000,V,RN,M
EDGEWATER,US,40.816667,-73.983333,V,RN,L
WEEHAWKEN,US,40.766667,-74.016667,S,RN,L
HOBOKEN,US,40.750000,-74.016667,M,RN,L
JERSEY CITY,US,40.716667,-74.033333,M,RN,L
BAYONNE,US,40.683333,-74.100000,M,RN,L
NEWARK,US,40.700000,-74.150000,M,RB,L
ELIZABETHPORT,US,40.650000,-74.183333,S,CN,L
STAPLETON SI,US,40.633333,-74.066667,S,CN,L
TOMPKINSVILLE SI,US,40.633333,-74.066667,M,CN,
PORT RICHMOND SI,US,40.650000,-74.133333,S,CN,
MARINERS HARBOR SI,US,40.633333,-74.166667,S,CN,
GULFPORT SI,US,40.633333,-74.200000,S,RN,L
NISHTUN,YE,15.816667,52.200000,V,CN,M
DOHA HARBOR,KW,29.383333,47.800000,V,CN,
BANDAR-E SHAHID REAJIE,IR,27.100000,56.066667,S,CB,M
BANDAR ABBAS,IR,27.150000,56.200000,M,CB,M
BANDAR TAHERI OFFSHORE TERMINAL,IR,27.650000,52.350000,V,CN,L
KHAWR KHASAB,OM,26.216667,56.233333,S,CN,M
AL KUWAYT,KW,29.350000,47.933333,V,CN,M
AL MUKHA,YE,13.316667,43.250000,M,CN,M
ASH SHIHR OIL TERMINAL,YE,14.733333,49.500000,V,CN,
HADERA,IL,32.466667,34.900000,V,OR,M
RAS SUDR,EG,29.583333,32.700000,V,OR,M
DAMIETTA,EG,31.483333,31.750000,L,CB,L
BUR SAID (PORT SAID),EG,31.266667,32.300000,L,LC,M
EL HAMRA OIL TERMINAL,EG,30.983333,28.866667,V,OR,L
SOYO ANGOLA LNG TERMINAL,AO,-6.116667,12.333333,V,RN,L
MERSA MATRUH,EG,31.350000,27.233333,V,CB,M
HAMRAWEIN,EG,26.250000,34.200000,V,OR,M
AL MANAMAH,BH,26.233333,50.583333,S,CN,L
KHOSROWABAD,IR,30.166667,48.416667,V,RN,M
BOURI OIL FIELD,LY,33.900000,12.650000,V,OR,M
KHOMS,LY,32.666667,14.250000,V,CN,
MENZEL BOURGUIBA,TN,37.150000,9.800000,S,LC,M
RADES,TN,36.816667,10.300000,V,CB,M
DJEN-DJEN,DZ,36.816667,5.883333,V,CB,
AGADIR,MA,30.433333,-9.633333,L,CB,M
PUNTA EUROPA TERMINAL,GQ,3.783333,8.716667,V,OR,L
MALABO,GQ,3.750000,8.783333,S,CN,L
LUBA,GQ,3.500000,8.566667,V,CN,M
SANTO ANTONIO,ST,1.650000,7.450000,V,CN,
SAO TOME,ST,0.350000,6.733333,V,OR,
YOMBO TERMINAL,CG,-4.450000,11.100000,V,OR,L
FUTILA TERMINAL,AO,-5.450000,12.183333,V,OR,M
KUITO OIL FIELD,AO,-5.466667,11.500000,V,OR,L
NESKAUPSTADUR,IS,65.150000,-13.683333,V,CN,
NEWHAVEN HARBOUR,GB,50.783333,0.050000,V,RN,L
RYE HARBOUR,GB,50.933333,0.766667,V,RN,M
BUDIR,IS,64.933333,-14.016667,V,CN,
VESTMANNAEYJAR,IS,63.433333,-20.283333,S,CN,M
HAIMEN,CN,28.683333,121.450000,V,RN,
DOVER HARBOR,GB,51.116667,1.333333,S,CB,L
RAMSGATE,GB,51.333333,1.416667,S,CB,M
EL JORF LASFAR,MA,33.116667,-8.616667,S,CB,M
ESPOIR MARINE TERMINAL,CI,5.050000,-4.450000,V,OR,L
BAOBAB MARINE TERMINAL,CI,4.966667,-4.550000,V,OR,L
ODUDU TERMINAL,NG,4.000000,7.766667,V,OR,L
OKONO TERMINAL,NG,3.983333,7.300000,V,OR,L
OKWORI TERMINAL,NG,3.850000,6.983333,V,OR,L
ONNE,NG,4.683333,7.150000,V,RN,L
EL MAADIYA,EG,31.266667,30.150000,V,CB,
AL ISKANDARIYH (ALEXANDRIA),EG,31.166667,29.833333,L,CB,M
GIRASSOL TERMINAL,AO,-7.650000,11.683333,V,OR,L
KANDLA,IN,23.033333,70.216667,S,RN,L
ALDERNEY HARBOUR,GG,49.733333,-2.200000,V,CB,M
SAINT SAMPSON,GG,49.483333,-2.516667,V,CB,M
SAINT PETER PORT,GG,49.450000,-2.533333,S,CB,M
GRANVILLE,FR,48.833333,-1.600000,V,CT,M
SAINT-MALO,FR,48.650000,-2.016667,S,CT,M
LE LEGUE,FR,48.533333,-2.750000,V,RT,M
PROBOLINGGO,ID,-7.716667,113.216667,V,OR,
AGBAMI OIL TERMINAL,NG,3.466667,5.566667,V,OR,L
EGINA OIL TERMINAL,NG,3.066667,6.700000,V,OR,L
AKPO OIL TERMINAL,NG,3.133333,6.816667,V,OR,L
OLOWI MARINE TERMINAL,GA,-3.133333,10.216667,V,OR,
DUSSAFU TERMINAL,CG,-4.250000,10.816667,V,OR,L
KIZOMBA A TERMINAL,AO,-6.316667,11.050000,V,OR,L
PSVM TERMINAL,CD,0.000000,0.000000,,,
KIZOMBA B TERMINAL,AO,-6.350000,11.150000,V,OR,L
KIZOMBA C TERMINAL,AO,-6.316667,11.283333,V,OR,L
DALIA TERMINAL,AO,-7.683333,11.766667,V,OR,L
GREATER PLUTONIO TERMINAL,AO,-7.833333,12.100000,V,OR,L
ETAME TERMINAL,GA,-3.750000,10.516667,V,OR,L
PSVM TERMINAL,AO,-6.250000,10.733333,V,OR,L
DUNKERQUE PORT OUEST,FR,51.066667,2.350000,M,CT,L
GRAVELINES,FR,51.000000,2.116667,V,RT,M
CALAIS,FR,50.966667,1.850000,S,CB,M
IQUITOS,PE,-3.750000,-73.233333,S,RN,L
ITAQUI,BR,-2.566667,-44.366667,S,CN,L
STOKKMARKNES,NO,68.566667,14.916667,V,CB,M
REINE,NO,67.933333,13.100000,V,CN,M
BALLSTAD,NO,68.066667,13.700000,V,CN,M
STAMSUND,NO,68.116667,13.850000,V,CN,M
HENNINGSVAER,NO,68.150000,14.216667,V,OR,M
SVOLVAER,NO,68.233333,14.583333,S,CN,M
SKROVA HAVN,NO,68.166667,14.666667,V,CN,M
BRETTESNES,NO,68.233333,14.850000,V,CN,M
LODINGEN,NO,68.416667,16.000000,V,CN,M
ULVIK,NO,68.566667,16.266667,V,RN,
LILANDSGRUNNEN,NO,68.483333,16.883333,V,CN,
NARVIK,NO,68.433333,17.416667,V,CB,L
LITLE BALLANGEN,NO,68.333333,16.850000,V,CN,M
DRAG,NO,68.050000,16.083333,V,CN,M
KORSNES,NO,68.250000,16.066667,V,CN,M
TRANOY,NO,68.183333,15.666667,V,CN,M
KJERRINGOY,NO,67.516667,14.766667,V,CN,M
BODO,NO,67.283333,14.383333,V,CB,L
LAKSELV,NO,67.366667,15.600000,S,CN,M
FAUSKE,NO,67.250000,15.366667,V,CN,
ROGNAN,NO,67.100000,15.416667,V,CN,M
ORNES,NO,66.866667,13.716667,V,CN,
GLOMFJORD,NO,66.816667,13.983333,V,CN,M
SANDNESSJOEN,NO,66.016667,12.633333,V,CN,M
MO INLET,NO,66.316667,14.133333,S,OR,L
KVALSUND,NO,70.500000,23.983333,V,CN,
PORT MOLLER,US,55.983333,-160.566667,V,CN,
PORT HEIDEN,US,56.883333,-158.700000,V,CN,
PILOT POINT,US,57.566667,-157.600000,V,CN,
UGASHIK,US,57.533333,-157.416667,V,RN,
EGEGIK,US,58.200000,-157.366667,V,CN,
NAKNEK,US,58.716667,-157.016667,V,CN,
KOGGIUNG,US,58.966667,-156.916667,V,CN,
EKUK,US,58.816667,-158.566667,V,OR,
AMPENAN,ID,-8.566667,116.066667,V,OR,M
WAINGAPU,ID,-9.633333,120.216667,V,OR,M
NUEVA GERONA,CU,21.916667,-82.800000,V,OR,L
GEORGETOWN,KY,19.300000,-81.383333,V,OR,L
CAYMAN BRAC,KY,19.750000,-79.750000,V,OR,L
STAGEN,ID,-3.300000,116.150000,V,CN,M
SAMPIT,ID,-2.516667,113.000000,V,RN,
BITUNG,ID,1.433333,125.183333,V,CN,M
LUWUK,ID,-0.950000,122.800000,V,OR,M
MASSET HARBOR,CA,54.016667,-132.150000,V,CN,M
PORT CLEMENTS,CA,53.683333,-132.183333,V,CN,M
QUEEN CHARLOTTE,CA,53.250000,-132.083333,V,CN,L
ALLIFORD BAY,CA,53.216667,-131.983333,V,CN,L
HYDER,US,55.916667,-130.000000,V,CN,
HIDDEN INLET,US,54.950000,-130.333333,V,LC,
LYALL HARBOR,CA,48.800000,-123.200000,V,CN,M
HOPE BAY,CA,48.800000,-123.283333,V,CN,M
SIDNEY,CA,48.650000,-123.383333,V,CN,L
ROCHE  HARBOR,US,48.616667,-123.166667,V,CN,
ORCAS,US,48.600000,-122.933333,V,CN,
ANACORTES,US,48.516667,-122.616667,S,CN,L
BELLINGHAM,US,48.750000,-122.500000,S,CN,L
CHERRY POINT,US,48.866667,-122.750000,V,CN,L
SEMIAHMOO,US,48.983333,-122.766667,V,CN,
BLAINE,US,49.000000,-122.750000,V,CN,
STEVESTON,CA,49.133333,-123.183333,V,RN,M
NEW WESTMINSTER,CA,49.200000,-122.916667,M,RN,L
FRASER MILLS,CA,49.216667,-122.866667,V,RN,M
PORT COQUITLAM,CA,49.266667,-122.783333,V,RN,M
MISSION CITY,CA,49.116667,-122.250000,V,RN,
VANCOUVER,CA,49.283333,-123.116667,L,CN,L
PORT MOODY,CA,49.283333,-122.883333,V,CN,M
SQUAMISH,CA,49.683333,-123.150000,V,RN,L
PORT MELLON,CA,49.516667,-123.483333,V,CN,M
WESTVIEW,CA,49.833333,-124.516667,V,CB,M
POWELL RIVER,CA,49.866667,-124.533333,S,CB,L
DUNCAN BAY,CA,50.066667,-125.283333,V,CN,M
CAMPBELL RIVER,CA,50.016667,-124.233333,V,CN,L
CLARKS POINT,US,58.850000,-158.550000,V,OR,
DILLINGHAM,US,59.033333,-158.483333,V,CN,
PLATINUM,US,59.016667,-161.833333,V,CN,
BETHEL,US,60.816667,-161.716667,V,RN,
NASH HARBOR,US,60.200000,-166.983333,V,OR,
KWIGUK,US,62.733333,-164.466667,V,RN,
KOTLIK,US,63.033333,-163.550000,V,RN,
HAMILTON,US,62.900000,-163.916667,V,RN,
ST MICHAEL,US,63.483333,-162.033333,V,OR,
UNALAKLEET,US,63.883333,-160.783333,V,OR,
SOLOMON,US,64.550000,-164.400000,V,OR,
NOME,US,64.500000,-165.416667,S,OR,
GRANTLEY HARBOR,US,65.266667,-166.333333,V,OR,
SAVOONGA,US,63.683333,-170.400000,V,OR,
SHISHMAREF,US,66.250000,-166.083333,V,CN,
DEERING,US,66.083333,-162.733333,V,OR,
KOTZEBUE,US,66.916667,-162.583333,V,CN,
CLIFTON PIER,BS,25.000000,-77.550000,V,OR,L
MATTHEW TOWN,BS,20.950000,-73.683333,V,OR,M
GRAND TURK,TC,21.433333,-71.150000,V,OR,M
CABANAS,CU,23.000000,-82.966667,M,CN,M
MARIEL,CU,22.983333,-82.750000,S,CB,L
BAHAI DE LA HABANA,CU,23.133333,-82.366667,L,CB,L
CARDENAS,CU,23.050000,-81.200000,S,OR,L
ISABELA DE SAGUA,CU,22.950000,-80.000000,S,OR,L
NUEVITAS BAY,CU,21.550000,-77.266667,L,CN,L
ANTILLA,CU,20.833333,-75.733333,L,CN,L
FELTON,CU,20.733333,-75.600000,S,CN,L
NICARO,CU,20.716667,-75.550000,S,CN,L
TEXAS CITY,US,29.383333,-94.916667,S,CN,L
BAYTOWN,US,29.733333,-95.016667,V,CN,L
NORSWORTHY,US,29.733333,-95.200000,V,RN,
PASADENA,US,29.716667,-95.216667,V,RN,L
SINCO,US,29.716667,-95.233333,V,RN,
HOUSTON,US,29.750000,-95.283333,L,RT,L
FREEPORT,US,28.950000,-95.333333,V,RN,L
PALACIOS,US,28.683333,-96.216667,V,CN,
PORT LAVACA,US,28.616667,-96.616667,V,CN,M
COMOX HARBOR,CA,49.666667,-124.916667,S,CN,M
NANOOSE HARBOR,CA,49.266667,-124.150000,V,CN,M
NANAIMO,CA,49.166667,-123.933333,S,CN,
HARMAC,CA,49.133333,-123.850000,V,CN,L
CHEMAINUS,CA,48.933333,-123.716667,V,CN,L
CROFTON,CA,48.866667,-123.633333,V,CN,L
COWICHAN BAY,CA,48.750000,-123.616667,V,CN,L
GANGES,CA,48.850000,-123.483333,V,CN,M
FRIDAY HARBOR,US,48.533333,-123.016667,V,CN,
WESTPORT,US,46.133333,-123.383333,V,RN,
RAINIER,US,46.083333,-122.933333,V,RN,
LONGVIEW,US,46.133333,-122.933333,S,RN,L
KALAMA,US,46.016667,-122.850000,V,RN,L
ST HELENS,US,45.866667,-122.800000,V,RN,
PORTLAND,US,45.516667,-122.666667,L,RN,L
VANCOUVER,US,45.633333,-122.683333,M,RN,L
CAMAS,US,45.583333,-122.400000,V,RN,
PORT SOCONY,US,40.550000,-74.250000,S,RN,L
BAYWAY,US,40.633333,-74.200000,V,RN,L
GRASSELLI,US,40.616667,-74.200000,S,RN,
CARTERET,US,40.583333,-74.216667,S,RN,L
CHROME,US,40.566667,-74.216667,S,RN,M
PORT READING,US,40.566667,-74.233333,S,RN,M
SEWAREN,US,40.550000,-74.250000,V,RN,L
MAURER,US,40.533333,-74.250000,V,RN,
PERTH AMBOY,US,40.500000,-74.266667,S,RN,L
SAYREVILLE,US,40.466667,-74.366667,V,CN,M
SOUTH AMBOY,US,40.483333,-74.266667,S,CN,M
LEONARDO,US,40.433333,-74.066667,S,CN,M
BARNEGAT,US,39.766667,-74.100000,V,CN,M
ATLANTIC CITY,US,39.366667,-74.416667,V,CN,M
SALEM NJ,US,39.666667,-75.483333,V,RN,M
NEW CASTLE,US,39.650000,-75.566667,V,RN,L
DEEPWATER POINT,US,39.700000,-75.516667,V,RN,L
WILMINGTON,US,39.733333,-75.550000,M,RN,L
MARCUS HOOK,US,39.816667,-75.416667,S,RN,L
CHESTER,US,39.850000,-75.350000,L,RN,L
CITY ISLAND,US,40.850000,-73.783333,V,CN,
GLOUCESTER,US,42.600000,-70.666667,S,CN,M
BEVERLY,US,42.533333,-70.883333,V,CN,M
SALEM,US,42.516667,-70.883333,S,CN,L
MARBLEHEAD,US,42.500000,-70.850000,V,CN,M
LYNN,US,42.450000,-70.950000,V,CN,M
BOSTON,US,42.350000,-71.050000,L,CN,L
QUINCY,US,42.250000,-70.966667,S,RN,M
SCITUATE,US,42.200000,-70.716667,V,CB,M
PORT OCONNOR,US,28.450000,-96.400000,V,CN,M
ROCKPORT,US,28.016667,-97.050000,V,CN,M
CORPUS CHRISTI,US,27.816667,-97.400000,M,CN,L
PORT ARANSAS,US,27.833333,-97.050000,V,CN,
PORT INGLESIDE,US,27.816667,-97.183333,V,CN,L
PORT ISABEL,US,26.083333,-97.200000,V,CN,L
BROWNSVILLE,US,25.950000,-97.400000,S,LC,L
TAMPICO,MX,22.216667,-97.866667,M,RN,L
VERACRUZ,MX,19.200000,-96.133333,M,CB,L
CAYO ARCAS TERMINAL,MX,20.166667,-91.983333,V,OR,L
COATZACOALCOS,MX,18.150000,-94.416667,S,RN,L
MINATITLAN,MX,17.900000,-94.583333,V,RN,M
ESTRELA OIL FIELD,AO,-6.450000,12.400000,S,OR,L
NORTH POINT,SH,-7.883333,-14.366667,S,OR,M
SALINA,BQ,12.083333,-68.283333,V,OR,L
SINT MICHELSBAAI,CW,12.133333,-69.016667,V,OR,L
COVENAS OFFSHORE TERM.,CO,9.500000,-75.733333,V,OR,L
EL GUAMACHE,VE,10.900000,-64.100000,V,OR,L
VILA DO CONDE,BR,-1.550000,-48.750000,V,RN,L
GUAMARE OIL TERMINAL,BR,-4.866667,-36.283333,V,OR,L
UKPOKITI MARINE TERMINAL,NG,5.716667,4.833333,V,OR,L
SAN SEBASTIAN BAY,AR,-53.166667,-68.500000,S,CN,
VILLA CONSTITUCION,AR,-33.300000,-60.333333,V,RN,L
PUERTO WILLIAMS,CL,-54.933333,-67.600000,V,OR,M
CALETA PATILLOS,CL,-20.733333,-70.200000,V,CN,L
JAYAPURA,ID,-2.533333,140.716667,S,CN,M
ACAJUTLA OFFSHORE TERMINAL,SV,13.583333,-89.866667,V,OR,L
DILI,TL,-8.533333,125.583333,S,CN,M
KUPANG,ID,-10.166667,123.583333,S,CN,L
VACAMONTE,PA,8.866667,-79.666667,V,OR,M
CAYO MOA GRANDE,CU,20.666667,-74.900000,S,CB,L
NEW ROSS,IE,52.383333,-6.950000,S,RN,M
CASTLETOWN BEARHAVEN,IE,51.650000,-9.916667,V,CN,M
PLYMOUTH,US,41.950000,-70.666667,V,CN,M
PROVINCETOWN,US,42.050000,-70.183333,V,CN,M
HYANNIS,US,41.650000,-70.283333,V,CN,M
HYANNIS PORT,US,41.633333,-70.300000,V,CB,M
FALMOUTH,US,41.550000,-70.616667,V,CN,M
NANTUCKET,US,41.283333,-70.100000,V,CN,M
EDGARTOWN,US,41.383333,-70.500000,V,CN,M
VINEYARD HAVEN,US,41.450000,-70.600000,V,CB,M
WOODS HOLE,US,41.516667,-70.666667,V,CN,M
NEW BEDFORD,US,41.633333,-70.916667,S,CN,M
NEWPORT,US,41.500000,-71.333333,S,CN,M
FALL RIVER,US,41.700000,-71.166667,V,CN,M
TIVERTON,US,41.633333,-71.216667,S,RN,L
BRISTOL,US,41.666667,-71.266667,V,CN,M
PROVIDENCE,US,41.800000,-71.400000,M,RN,M
QUONSET POINT,US,41.583333,-71.400000,V,CN,M
DAVISVILLE DEPOT,US,41.616667,-71.400000,V,CN,M
TAKULA TERMINAL,AO,-5.216667,11.783333,S,OR,L
ANTSOHIM BONDRONA,MG,-13.083333,48.833333,V,CN,
KOME KRIBI 1 MARINE TERMINAL,CM,2.916667,9.800000,V,OR,L
LIMBOH TERMINAL,CM,3.983333,9.150000,V,OR,L
CEIBA TERMINAL,GQ,1.416667,9.233333,V,OR,M
COGO,GQ,1.083333,9.700000,V,RN,M
SERPENTINA TERMINAL,GQ,3.800000,8.083333,V,OR,L
SIDON/ZAHRANI TERMINAL,LB,33.533333,35.316667,V,OR,M
ANTALYA OFFSHORE TERMINAL,TR,36.816667,30.600000,V,OR,M
BOTAS NATURAL GAS TERMINAL,TR,41.000000,27.983333,V,OR,M
BOTAS DORTYOL OIL TERMINAL,TR,36.866667,36.133333,V,OR,M
TOROS GUBRE,TR,36.916667,35.966667,V,OR,
YAKACIK,TR,36.716667,36.183333,V,CB,M
CHALKIS,GR,38.466667,23.600000,S,CN,M
DELTA TERMINAL,TR,36.850000,36.166667,V,OR,M
DIKILI,TR,39.016667,26.816667,V,OR,M
GEBZE,TR,40.766667,29.550000,V,OR,L
GULLUK,TR,37.250000,27.616667,V,CB,
YARIMCA,TR,40.800000,29.700000,S,OR,
GELENDZHIK,RU,44.550000,38.066667,V,CN,M
CERNAVODA,RO,44.333333,28.050000,V,RN,M
BASARABI,RO,44.166667,28.433333,V,RN,
KILRUSH,IE,52.633333,-9.500000,V,RT,M
GOLD RIVER,CA,49.683333,-126.116667,V,RN,L
STURA,NO,60.616667,4.850000,V,OR,L
SANDARNE,SE,61.266667,17.183333,S,CN,L
DOMSJO,SE,63.266667,18.733333,V,CN,M
OBBOLA,SE,63.700000,20.333333,V,CN,M
VEITSILUOTO,FI,65.700000,24.616667,S,CN,M
PORI,FI,61.483333,21.800000,L,CN,M
PARGAS,FI,60.283333,22.066667,V,CN,M
NYKOBING (MOR),DK,56.766667,11.866667,V,CB,M
GULFHAVEN,DK,55.200000,11.266667,V,OR,M
CONTRECOUR,CA,45.883333,-73.200000,V,RN,L
GOOSE BAY,CA,53.366667,-60.300000,V,CN,
AYIOS NIKOLAOS,GR,35.200000,25.716667,V,CN,M
GEMLIK,TR,40.416667,29.116667,V,OR,M
PORTO DE MUCURIPE,BR,-3.716667,-38.483333,S,OR,L
NATAL,BR,-5.783333,-35.200000,S,RN,L
PORT DE ARACAJU,BR,-10.916667,-37.050000,S,RN,L
PORT DE SALVADOR,BR,-12.966667,-38.516667,M,CB,L
VITORIA,BR,-20.316667,-40.333333,M,RN,L
TUBARAO,BR,-20.283333,-40.250000,L,CB,L
RIO DE JANEIRO,BR,-22.900000,-43.166667,L,CN,L
NITEROI,BR,-22.883333,-43.116667,S,CN,
PARANAGUA,BR,-25.500000,-48.516667,S,CN,L
SAO FRANCISCO,BR,-26.250000,-48.633333,S,RN,L
MONTEVIDEO,UY,-34.900000,-56.216667,M,CB,L
COLONIA,UY,-34.466667,-57.850000,V,OR,M
NUEVA PALMIRA,UY,-33.883333,-58.416667,V,RN,
PUERTO DE ASUNCION,PY,-25.266667,-57.683333,V,RN,
SANTA FE,AR,-31.650000,-60.700000,S,RN,L
DANUBE-BLACK SEA CANAL,RO,44.266667,28.183333,M,LC,
MEDGIDIA,RO,44.250000,28.266667,V,LC,L
MIDIA,RO,44.350000,28.666667,V,OR,
TULCEA,RO,45.166667,28.816667,V,RN,L
BELGOROD-DNESTROVSKY,UA,46.183333,30.366667,V,CN,M
DNIPRO-BUZKYY,UA,46.733333,31.883333,S,CB,M
PORT OKTYABRSK,UA,46.833333,31.933333,V,CN,M
UST-DUNAISK,UA,45.466667,29.700000,V,CN,M
KAVALA,GR,40.933333,24.400000,S,CB,M
ALIAGA,TR,38.833333,26.933333,V,CB,M
AMBARLI,TR,40.966667,28.700000,V,CN,
BORUSAN FERTILIZER JETTY,TR,40.416667,29.100000,V,CN,M
KYMASSI,GR,38.833333,23.466667,V,CN,
ASPROPIRGOS,GR,38.033333,23.600000,V,OR,M
ACHLADI,GR,38.900000,22.816667,V,CN,M
ASTAKOS,GR,38.483333,21.100000,S,CN,
AKRA KAVONISI,GR,35.516667,23.633333,V,CB,M
TELUK BEO,ID,4.233333,126.783333,V,CN,M
PATANI,ID,0.366667,128.750000,V,CN,M
WAHAI,ID,-2.783333,129.500000,V,CN,M
MIEI,ID,-2.733333,134.500000,V,CN,
TG. SORONG,ID,-0.883333,131.233333,S,OR,M
MERAK MAS TERMINAL,ID,-5.916667,105.983333,M,CN,M
TOKYO KO,JP,35.666667,139.750000,L,CN,L
PONTRIEUX,FR,48.700000,-3.150000,V,CB,M
TREGUIER,FR,48.783333,-3.233333,V,RN,M
MORLAIX,FR,48.583333,-3.833333,S,RT,M
PORT DE ROSCOFF-BLOSCON,FR,48.733333,-3.983333,V,CB,M
KINGSTON,JM,17.966667,-76.783333,M,CN,L
BEDI,IN,22.516667,70.033333,V,RN,L
DALHOUSIE,CA,48.066667,-66.366667,S,OR,L
SEPT ILES,CA,50.200000,-66.383333,M,RN,L
PORT DE ST PIERRE,PM,46.783333,-56.166667,S,CB,M
COME BY CHANCE HARBOR,CA,47.800000,-54.016667,S,OR,L
BELAWAN,ID,3.783333,98.683333,M,RN,L
SIDI KERIR (KURAYR),EG,31.100000,29.616667,S,OR,L
GRESIK,ID,-7.150000,112.650000,S,OR,M
HAIFA,IL,32.816667,35.000000,M,CB,L
BAYRUT,LB,33.900000,35.500000,L,CB,M
BRINDISI,IT,40.650000,17.983333,L,CB,L
PORT BERINGOVSKY,RU,63.066667,179.366667,,,
EL JADIDA,MA,33.250000,-8.500000,V,CB,M
GUSTAVSBERG,SE,59.316667,18.383333,V,CN,M
SANDHAMN,SE,59.283333,18.916667,V,CN,M
STOCKHOLM,SE,59.333333,18.050000,L,CB,M
VASTERAS,SE,59.616667,16.550000,M,LC,M
GRISSLEHAMN,SE,60.100000,18.816667,V,CN,M
HALLSTAVIK,SE,60.050000,18.583333,V,RB,M
HARGSHAMN,SE,60.183333,18.450000,V,CN,L
SKUTSKAR,SE,60.650000,17.400000,S,CN,L
OSKARSHAMN,SE,57.266667,16.450000,S,CN,M
FIGEHOLM,SE,57.366667,16.500000,V,CN,M
MOSS,NO,59.450000,10.666667,S,CN,L
SARPSBORG,NO,59.266667,11.100000,V,RN,M
FREDRIKSTAD,NO,59.200000,10.950000,S,RN,L
HALDEN,NO,59.116667,11.383333,S,RN,L
STROMSTAD,SE,58.933333,11.166667,V,CB,
SAN LORENZO,AR,-32.750000,-60.733333,V,RN,L
ROSARIO,AR,-32.950000,-60.633333,M,RN,L
SAN PEDRO,AR,-33.583333,-59.816667,V,RN,L
PUERTO IBICUY,AR,-33.750000,-59.183333,V,RN,
CONCEPCION DEL URUGUAY,AR,-32.483333,-58.233333,S,RN,L
BUENOS AIRES,AR,-34.600000,-58.366667,L,CB,L
QUEQUEN,AR,-38.583333,-58.700000,V,CB,L
PUERTO ROSALES,AR,-38.933333,-62.066667,V,CB,L
WAINWRIGHT,US,70.650000,-160.000000,V,OR,
BARROW,US,71.283333,-156.783333,V,OR,
PRUDHOE BAY,US,70.333333,-148.416667,V,CN,
BERNARD HARBOR,US,70.133333,-143.633333,V,OR,
TUKTOYAKTUK,CA,69.450000,-133.000000,V,CN,
POLICE POINT,CA,70.183333,-124.750000,V,CN,
PAULATUK,CA,69.350000,-124.083333,S,CN,
PEARCE POINT,CA,69.816667,-122.750000,V,CN,
TYSOE POINT,CA,69.600000,-120.750000,V,CN,
SACHS HARBOR,CA,71.966667,-125.250000,V,CN,
CAPE YOUNG,CA,68.933333,-116.933333,V,OR,
BERNARD HARBOR,CA,68.783333,-114.766667,S,CN,
LADY FRANKLIN POINT,CA,68.483333,-113.266667,V,CN,
COPPERMINE,CA,67.800000,-115.050000,V,RN,
CAMBRIDGE BAY,CA,69.116667,-105.066667,V,CN,
RESOLUTE BAY,CA,74.683333,-95.900000,V,CN,
BARENTSBURG,XR,78.066667,14.233333,V,CN,
LONGYEARBYEN,XR,78.200000,15.700000,V,CN,M
NY ALESUND,XR,78.916667,11.950000,V,CN,M
KIRKENES,NO,69.733333,30.050000,S,CN,M
VADSO,NO,70.066667,29.750000,S,CB,M
BATSFJORDEN,NO,70.633333,29.733333,S,CN,M
VARDO,NO,70.366667,31.116667,S,CN,M
BERLEVAG,NO,70.866667,29.100000,V,OR,M
KJOLLEFJORDEN,NO,70.950000,27.333333,V,CN,M
HONNINGSVAG,NO,70.983333,26.000000,S,CN,L
MASSACRE BAY,US,52.833333,173.233333,V,CN,
VILLAGE COVE,US,57.133333,-170.266667,V,OR,
SAN JUAN CANNERY,US,60.050000,-148.066667,V,CN,
LATOUCHE,US,60.050000,-148.066667,V,CN,
SEWARD,US,60.100000,-149.433333,S,CN,
PORT GRAHAM,US,59.350000,-151.816667,V,CN,
SELDOVIA,US,59.433333,-151.733333,V,CN,
HOMER,US,59.600000,-151.416667,V,CN,L
COAL POINT,US,59.600000,-151.416667,V,CN,
MIKAWA,JP,34.716667,137.300000,L,CB,M
PORBANDAR,IN,21.633333,69.600000,V,CB,L
SANTA BARBARA DE SAMANA,DO,19.200000,-69.333333,S,CN,L
PUERTO PLATA,DO,19.800000,-70.700000,S,OR,L
PEPILLO SALCEDO,DO,19.700000,-71.750000,V,OR,L
CAP HAITIEN,HT,19.766667,-72.200000,V,OR,L
PHILLIPSBURG,SX,18.016667,-63.050000,S,CN,M
CHARLESTOWN,KN,17.133333,-62.633333,V,OR,
GRAND CUL DE SAC BAY,LC,13.983333,-61.016667,S,CN,L
WASHOUGAL,US,45.583333,-122.350000,V,RN,
THE DALLES,US,45.600000,-121.183333,V,RN,
NAHCOTTA,US,46.500000,-124.033333,V,CN,
SOUTH BEND,US,46.666667,-123.783333,S,RN,
RAYMOND,US,46.683333,-123.733333,S,RN,
WILLAPA HARBOR,US,46.683333,-123.750000,V,RN,
WESTHAVEN COVE,US,46.916667,-124.116667,V,RN,
BAY CITY,US,46.866667,-124.066667,V,RN,
ABERDEEN,US,46.983333,-123.816667,S,RN,
HOQUIAM,US,46.966667,-123.900000,S,RN,
LA PUSH,US,47.900000,-124.633333,V,RN,
NEAH BAY,US,48.366667,-124.616667,V,CB,
SEKIU,US,48.266667,-124.300000,V,CN,
PORT ANGELES,US,48.116667,-123.433333,S,CN,
PORT TOWNSEND,US,48.116667,-122.750000,S,CN,
GLEN COVE,US,48.083333,-122.783333,V,CN,
HOODSPORT,US,47.416667,-123.133333,V,CN,
PORT GAMBLE,US,47.850000,-122.583333,V,CN,
POULSBO,US,47.733333,-122.650000,V,CN,
KEYPORT,US,47.700000,-122.616667,V,CN,
WINSLOW,US,47.616667,-122.516667,V,CN,
CREOSOTE,US,47.616667,-122.500000,V,CN,
FORT WARD,US,47.583333,-122.516667,V,CN,
EAST BREMERTON,US,47.566667,-122.616667,V,CN,
SILVERDALE,US,47.650000,-122.700000,V,CN,
BREMERTON,US,47.566667,-122.650000,M,CN,L
PORT ORCHARD,US,47.533333,-122.633333,V,CN,
QUARTERMASTER HARBOR,US,47.383333,-122.466667,V,CN,
SHELTON,US,47.216667,-123.100000,V,CN,
OLYMPIA,US,47.050000,-122.900000,S,CN,L
NISQUALLY HEAD,US,47.116667,-122.750000,V,CN,
TACOMA,US,47.283333,-122.416667,M,CN,L
GREBBESTAD,SE,58.683333,11.266667,V,CN,M
FJALLBACKA,SE,58.600000,11.283333,V,CN,M
BOVALLSTRAND,SE,58.483333,11.333333,V,CN,M
HUNNEBOSTRAND,SE,58.433333,11.300000,V,CN,M
LYSEKIL,SE,58.266667,11.433333,V,CB,L
UDDEVALLA,SE,58.350000,11.916667,M,RB,M
MARSTRAND,SE,57.883333,11.583333,V,CN,M
GOTEBORG,SE,57.700000,11.966667,L,RT,L
VARBERG,SE,57.116667,12.250000,M,CB,M
FALKENBERG,SE,56.900000,12.500000,M,CB,M
HALMSTAD,SE,56.666667,12.866667,S,CB,M
HOGANAS,SE,56.200000,12.550000,V,CB,M
HELSINGBORG,SE,56.050000,12.700000,M,CB,M
LANDSKRONA,SE,55.866667,12.833333,S,CN,M
MALMO,SE,55.616667,13.000000,L,CB,M
LIMHAMN,SE,55.583333,12.933333,V,CB,L
TRELLEBORG,SE,55.366667,13.150000,S,CB,L
YSTAD,SE,55.433333,13.833333,S,CB,M
SIMRISHAMN,SE,55.550000,14.366667,S,CT,M
AHUS,SE,55.933333,14.316667,S,RB,M
SOLVESBORG,SE,56.050000,14.583333,S,CN,M
KARLSHAMN,SE,56.166667,14.866667,M,RN,M
RONNEBY,SE,56.183333,15.300000,S,RN,M
KARLSKRONA,SE,56.166667,15.600000,V,CB,M
BERGKVARA,SE,56.383333,16.100000,V,OR,M
KALMAR,SE,56.666667,16.366667,V,CB,M
STORA JATTERSON,SE,57.100000,16.566667,V,OR,M
TOFTE,NO,59.550000,10.566667,V,CN,M
KAMBO,NO,59.466667,10.683333,V,CN,M
HUSNES,NO,59.866667,5.766667,V,CB,L
VIEUX FORT,LC,13.716667,-60.966667,V,CN,L
CASTRIES,LC,14.016667,-61.000000,S,CN,L
BRIDGETOWN,BB,13.100000,-59.633333,S,CB,L
SCARBOROUGH,TT,11.183333,-60.733333,V,OR,M
CHAGUARAMAS,TT,10.683333,-61.650000,V,CN,L
POINT LISAS PORT,TT,10.383333,-61.483333,S,RB,L
POINT LISAS INDUSTRIAL PORT,TT,10.400000,-61.500000,S,CN,L
BRIGHTON,TT,10.250000,-61.633333,V,OR,L
POINT FORTIN,TT,10.200000,-61.700000,V,OR,L
NINILCHIK,US,60.050000,-151.683333,V,CN,
KENAI,US,60.550000,-151.266667,V,CN,
NIKISKI,US,60.683333,-151.400000,V,CN,L
ANCHORAGE,US,61.216667,-149.900000,S,CN,L
DRIFT RIVER,US,60.550000,-152.133333,V,CN,
SNUG HARBOR,US,60.100000,-152.583333,V,CN,
OUZINKIE,US,57.916667,-152.500000,V,CN,
KODIAK,US,57.783333,-152.400000,S,CN,L
WOMENS BAY,US,57.716667,-152.516667,V,CN,
PORT HOBRON,US,57.166667,-153.166667,V,CN,
MCCORD,US,57.150000,-153.200000,V,CN,
THREE SAINTS BAY,US,57.116667,-153.500000,V,CN,
TRAP POINT,US,57.000000,-154.150000,V,CN,
LAZY BAY,US,56.900000,-154.250000,V,CN,
KARLUK,US,57.566667,-154.450000,V,OR,
UYAK,US,57.633333,-154.000000,V,CN,
LARSEN BAY,US,57.533333,-153.983333,V,CN,
PORT OBRIEN,US,57.733333,-153.316667,V,CN,
CIUDAD DEL CARMEN,MX,18.633333,-91.866667,V,CB,M
PROGRESO,MX,21.283333,-89.666667,V,OR,L
SAN MIGUEL DE COZUMEL,MX,20.500000,-86.966667,V,OR,M
PUERTO BARRIOS,GT,15.733333,-88.600000,S,OR,M
SANTO THOMAS DE CASTILLA,GT,15.700000,-88.616667,S,CN,L
PUERTO CORTES,HN,15.833333,-87.950000,S,OR,L
TELA,HN,15.783333,-87.450000,V,OR,L
LA CEIBA,HN,15.783333,-86.800000,V,OR,L
TRUJILLO,HN,15.916667,-85.950000,V,OR,L
PUERTO CASTILLA,HN,16.000000,-85.983333,V,OR,L
PORT NECHES,US,30.000000,-93.950000,S,RN,L
BEAUMONT,US,30.083333,-94.083333,M,RN,L
GALVESTON,US,29.316667,-94.783333,L,CN,L
JACKSONVILLE,US,30.316667,-81.650000,M,RN,L
ST AUGUSTINE,US,29.900000,-81.316667,V,CN,M
CANAVERAL HARBOR,US,28.700000,-80.616667,V,CN,L
FORT PIERCE,US,27.466667,-80.316667,V,CN,M
PALM BEACH,US,26.766667,-80.050000,V,CN,L
PORT EVERGLADES,US,26.100000,-80.116667,M,CN,L
MIAMI,US,25.783333,-80.183333,S,CN,L
KEY WEST,US,24.550000,-81.816667,S,CN,L
BOCA GRANDE,US,26.700000,-82.333333,V,CN,L
SEATTLE,US,47.600000,-122.333333,L,CN,L
POINT WELLS,US,47.783333,-122.400000,V,CN,
EDWARDS POINT,US,47.800000,-122.400000,V,CN,
MUKILTEO,US,47.950000,-122.300000,V,CN,
EVERETT,US,48.000000,-122.216667,S,CN,L
COUPEVILLE,US,48.233333,-122.683333,V,CN,
RICHARDSON,US,48.450000,-122.900000,V,CN,
WARRENTON,US,46.166667,-123.916667,V,RN,
ASTORIA,US,46.200000,-123.833333,S,RN,L
TONGUE POINT,US,46.200000,-123.750000,V,RN,
SAN FRANCISCO,US,37.816667,-122.416667,L,CN,L
YERBABUENA ISLAND,US,37.816667,-122.366667,V,CN,
REDWOOD CITY,US,37.533333,-122.200000,V,RN,M
ALAMEDA,US,37.783333,-122.266667,S,CN,
OAKLAND,US,37.816667,-122.333333,L,CN,L
BERKELEY,US,37.866667,-122.300000,V,CN,
POINT RICHMOND,US,37.916667,-122.366667,S,CN,L
MONTAUK HARBOR,US,41.066667,-71.933333,V,CB,M
GREENPORT,US,41.100000,-72.366667,V,CB,M
STONINGTON,US,41.333333,-71.900000,V,RN,M
NOANK,US,41.316667,-71.983333,V,CN,M
MYSTIC,US,41.350000,-71.966667,V,RN,M
NEW LONDON,US,41.350000,-72.083333,S,RN,L
NORWICH,US,41.516667,-72.083333,V,RN,M
ESSEX,US,41.350000,-72.383333,V,RN,M
NEW HAVEN,US,41.233333,-72.916667,S,CB,L
PORT JEFFERSON,US,40.950000,-73.083333,V,CB,L
BRIDGEPORT,US,41.166667,-73.183333,M,CB,L
SOUTHPORT,US,41.133333,-73.283333,V,RN,M
NORWALK,US,41.100000,-73.416667,V,RN,
STAMFORD,US,41.033333,-73.550000,V,RN,M
GREENWICH,US,41.016667,-73.616667,V,CN,M
PORT CHESTER,US,41.000000,-73.666667,V,RN,M
NEWBURYPORT,US,42.816667,-70.866667,V,RN,M
ROCKPORT,US,42.666667,-70.616667,V,CB,M
WINTER HARBOR,US,44.383333,-68.083333,V,CN,M
SORRENTO,US,44.466667,-68.183333,V,CN,M
BAR HARBOR,US,44.383333,-68.200000,V,CN,M
NORTHEAST HARBOR,US,44.300000,-68.283333,V,CN,M
SOUTHWEST HARBOR,US,44.283333,-68.316667,V,CN,M
MOUNT DESERT,US,44.366667,-68.333333,V,CN,M
FRENCHBORO,US,44.116667,-68.366667,V,CN,M
MINTURN,US,44.150000,-68.450000,V,CN,M
SWANS ISLAND,US,44.133333,-68.450000,V,CN,M
BASS HARBOR,US,44.233333,-68.350000,V,CN,M
GOTO OIL TERMINAL,BQ,12.216667,-68.383333,V,OR,L
CARACASBAAI,CW,12.066667,-68.866667,S,OR,L
WILLEMSTAD,CW,12.116667,-68.933333,M,CB,L
BULLEN BAAI,CW,12.183333,-69.033333,M,OR,L
PAARDEN BAAI - (ORANJESTAD),AW,12.516667,-70.033333,V,CB,L
TURBO,CO,8.083333,-76.733333,V,OR,M
COVENAS,CO,9.416667,-75.683333,S,OR,L
CARTAGENA,CO,10.416667,-75.533333,M,CN,L
SANTA MARTA,CO,11.250000,-74.216667,S,CN,L
POINTE A PITRE,GP,16.233333,-61.533333,M,CN,L
SANCHEZ,DO,19.233333,-69.616667,V,OR,M
LA ROMANA,DO,18.416667,-68.966667,V,RN,L
SAN PEDRO DE MACORIS,DO,18.450000,-69.316667,S,RN,L
ANDRES (ANDRES LNG TERMINAL),DO,18.433333,-69.633333,M,OR,M
SANTO DOMINGO,DO,18.466667,-69.883333,M,RN,L
PUERTO DE HAINA,DO,18.416667,-70.016667,S,RN,L
LAS CALDERAS,DO,18.216667,-70.516667,S,CN,M
PUERTO VIEJO DE AZUA,DO,18.350000,-70.833333,V,OR,L
ARGENTIA,CA,47.300000,-53.983333,M,CN,M
ROCKLAND,CA,45.550000,-75.300000,V,RN,
CATALINA HARBOR,CA,48.500000,-53.083333,S,CN,M
PORT UNION,CA,48.500000,-53.083333,V,CN,M
CLARENVILLE,CA,48.150000,-53.950000,S,CN,M
PORT MANATEE,US,27.633333,-82.566667,S,CT,
TAMPA,US,27.916667,-82.450000,M,CN,L
ST PETERSBURG,US,27.766667,-82.616667,S,CN,L
TARPON SPRINGS,US,28.150000,-82.766667,V,CN,M
CARRABELLE,US,29.850000,-84.666667,V,RN,M
APALACHICOLA,US,29.716667,-84.983333,V,RN,M
PORT ST JOE,US,29.816667,-85.316667,S,CN,M
PANAMA CITY,US,30.133333,-85.650000,S,CN,M
PENSACOLA,US,30.400000,-87.216667,S,CN,L
MOBILE,US,30.683333,-88.116667,L,RN,L
PASCAGOULA,US,30.350000,-88.566667,S,RN,L
BILOXI,US,30.383333,-88.883333,V,CN,
GULFPORT,US,30.350000,-89.083333,S,CN,M
SLIDELL,US,30.266667,-89.783333,V,LC,M
MADISONVILLE,US,30.400000,-90.150000,V,RN,M
CONCHAN OIL TERMINAL,PE,-12.166667,-77.000000,V,OR,L
LA PAMPILLA OIL TERMINAL,PE,-11.933333,-77.133333,V,OR,
ZIRKUH OIL FIELD,AE,24.866667,53.050000,S,OR,
SALIF,YE,15.300000,42.666667,V,CB,M
BARBERS POINT TERMINAL,US,21.266667,-158.100000,V,OR,M
LAAYOUNE,EH,27.083333,-13.433333,V,CN,M
ISLE OF GRAIN,GB,51.433333,0.700000,S,CN,L
FELIXSTOWE,GB,51.950000,1.316667,V,RN,L
STRAUMSVIK,IS,64.050000,-22.050000,V,CN,L
BOLUNGAVIK,IS,66.166667,-23.233333,V,CB,L
DALVIK,IS,65.983333,-18.516667,V,CB,
KILKEEL,GB,54.050000,-5.983333,V,CN,M
QUTDLEQ,GL,61.516667,-42.216667,V,CN,M
KUSANARTOQ,GL,61.766667,-42.216667,S,CN,M
LIVERPOOL BAY TERMINAL,GB,53.533333,-3.550000,V,OR,M
FOLKESTONE HARBOUR,GB,51.083333,1.200000,S,CB,M
LAVRIO,GR,37.700000,24.066667,V,CB,M
RENI,UA,45.433333,28.300000,V,RN,
SUPSA MARINE TERMINAL,GE,42.100000,41.716667,V,OR,M
LAJES,PT,38.400000,-28.266667,V,CB,
NAVLAKHI,IN,22.950000,70.450000,V,OR,L
YETAGUN MARINE TERMINAL,MM,13.050000,96.850000,V,OR,
ANGRA DO HEROISMO,PT,38.650000,-27.216667,V,CN,M
PRAIA DE VITORIA,PT,38.716667,-27.050000,V,CN,M
ELLSWORTH,US,44.550000,-68.416667,V,RN,M
BROOKLIN,US,44.266667,-68.583333,V,CN,M
BUCKS HARBOR,US,44.333333,-68.733333,V,CN,M
STONINGTON,US,44.150000,-68.666667,V,CN,M
CRIEHAVEN,US,43.833333,-68.883333,V,CB,M
MATINICUS,US,43.866667,-68.883333,V,CB,M
VINALHAVEN,US,44.050000,-68.833333,V,CN,M
NORTH HAVEN,US,44.133333,-68.866667,V,CN,M
CASTINE,US,44.383333,-68.733333,V,CN,M
SANDYPOINT,US,44.516667,-68.816667,V,RN,M
BUCKSPORT,US,44.566667,-68.783333,V,RN,M
WINTERPORT,US,44.633333,-68.850000,V,RN,M
BANGOR,US,44.800000,-68.766667,S,RN,L
SEARSPORT,US,44.450000,-68.916667,S,RN,L
BELFAST,US,44.416667,-69.000000,V,RN,M
CAMDEN,US,44.216667,-69.066667,V,CN,M
ROCKPORT,US,44.183333,-69.066667,V,CN,M
ROCKLAND,US,44.100000,-69.100000,V,CB,M
RETHIMNON,GR,35.366667,24.466667,V,CB,M
ZALIV RASA,HR,45.050000,14.066667,V,CN,
DUGI RAT,HR,43.450000,16.650000,V,CN,M
KORCULA,HR,42.933333,17.133333,V,CN,M
TERMINI IMERESE,IT,37.983333,13.700000,V,CB,M
PORTOFERRAIO,IT,42.816667,10.333333,S,OR,
TORRE DEL GRECO,IT,40.783333,14.366667,V,CB,
SPETSES,GR,37.266667,23.166667,V,OR,M
PUERTO DE GARRUCHA,ES,37.183333,-1.816667,V,CB,M
VILLANUEVA Y GELTRU,ES,41.233333,1.733333,V,CB,M
DROGHEDA,IE,53.716667,-6.300000,V,RB,M
VALENTIA,IE,51.933333,-10.300000,V,CN,M
RUNAVIK,FO,62.116667,-6.716667,V,CN,M
VAGUR,FO,61.483333,-6.800000,V,CN,M
ST. MARY'S (SCILLY ISL.),GB,49.916667,-6.316667,S,CB,M
BANGOR,GB,54.650000,-5.666667,V,RB,M
BIRD PORT,GB,51.566667,-2.966667,V,RN,M
GARLSTON,GB,53.350000,-2.900000,V,RT,M
HOWDENDYKE,GB,53.733333,-0.883333,V,RN,M
KILROOT,GB,54.733333,-5.716667,S,CN,M
LANCASTER,GB,54.050000,-2.783333,S,RB,M
MOSTYN,GB,53.316667,-3.266667,V,CN,M
NEW HOLLAND,GB,53.700000,-0.366667,V,OR,M
TILBURY,GB,51.466667,0.333333,S,RT,M
